Source,Target,Type,id,label,timeset,weight,from type,edge,starting date,ending date
"Taguspark, SA",FCR ISTART I,Directed,0,,"<[2011.0, Infinity]>",1.0,Universities,Investment,2011,
Sindicato Nac. Quadros e Técnicos Bancários,FCR Portugal Ventures Universitas,Directed,1,,"<[2011.0, Infinity]>",1.0,Other,VC Fundraising,2011,
Fundo ISQ Capital,"SPHERAA - PRODUÇÃO DE ENERGIA, LDA",Directed,2,,"<[2008.0, Infinity]>",1.0,Venture Capital Funds,Investment,2008,
Fundo ISQ Capital,"IBERMAROS-EQUIPAMENTOS INDUSTRIAIS, S.A.",Directed,3,,"<[2005.0, Infinity]>",1.0,Venture Capital Funds,Investment,2005,
Investo,"UNBABEL, INC.",Directed,4,,"<[2014.0, Infinity]>",1.0,Limited Partners (LPs)/SCR´s - Outside PT,Investment,2014,
Cisco Investments,"VENIAM, INC.",Directed,5,,"<[2014.0, Infinity]>",1.0,Corporate,Investment,2014,
Herrick Partners,"YDREAMS - INFORMÁTICA, S.A.",Directed,6,,"<[2006.0, Infinity]>",1.0,Limited Partners (LPs)/SCR´s - Outside PT,Investment,2006,
"Mota­ Engil, Engenharia e Construção , S. A.","BERD - PROJECTO, INVESTIGAÇÃO E ENGENHARIA DE PONTES S.A.",Directed,7,,"<[2006.0, Infinity]>",1.0,Corporate,Investment,2006,
NEUTROPLAST ­ INDÚSTRIA DE EMBALAGENS PLÁSTICAS S.A.,"BEYONDEVICES, S.A.",Directed,8,,"<[2015.0, Infinity]>",1.0,Corporate,Investment,2015,
Grupo EDP,EDP Inovação,Directed,9,,"<[2005.0, Infinity]>",1.0,Corporate,Management entity (or controlling entity),2005,
Grupo EDP,EDP Ventures SGPS,Directed,10,,"<[2005.0, Infinity]>",1.0,Corporate,Management entity (or controlling entity),2005,
Grupo EDP,"WINDPLUS, S.A.",Directed,11,,"<[2009.0, Infinity]>",1.0,Corporate,Investment,2009,
Grupo EDP,"EIDT - ENGENHARIA, INOVAÇÃO E DESENVOLVIMENTO TECNOLÓGICO, S.A.",Directed,12,,"<[2012.0, Infinity]>",1.0,Corporate,Investment,2012,
"Critical Software, S.A.","CBRA GENOMICS, S.A.",Directed,13,,"<[2013.0, Infinity]>",1.0,Corporate,Investment,2013,
EDP Inovação,"WINDPLUS, S.A.",Directed,14,,"<[2009.0, Infinity]>",1.0,Corporate,Investment,2009,
EDP Ventures SGPS,"FEEDZAI - CONSULTADORIA E INOVAÇÃO TECNOLÓGICA, S.A.",Directed,15,,"<[2011.0, 2015.0]>",1.0,Corporate,Investment,2011,2015
"Brisa, SA",FCR ISTART I,Directed,16,,"<[2011.0, Infinity]>",1.0,Corporate,VC Fundraising,2011,
"Brisa, SA",FCR F-HITEC,Directed,17,,"<[2008.0, Infinity]>",1.0,Corporate,VC Fundraising,2008,
SIBS,FCR F-HITEC,Directed,18,,"<[2008.0, Infinity]>",1.0,Corporate,VC Fundraising,2008,
Verizon Ventures,"VENIAM, INC.",Directed,19,,"<[2014.0, Infinity]>",1.0,Limited Partners (LPs)/SCR´s - Outside PT,Investment,2014,
Cane Investments LLC,"VENIAM, INC.",Directed,20,,"<[2014.0, Infinity]>",1.0,Limited Partners (LPs)/SCR´s - Outside PT,Investment,2014,
Yamaha Motor Ventures,"VENIAM, INC.",Directed,21,,"<[2014.0, Infinity]>",1.0,Limited Partners (LPs)/SCR´s - Outside PT,Investment,2014,
Orange Digital Ventures,"VENIAM, INC.",Directed,22,,"<[2014.0, Infinity]>",1.0,Limited Partners (LPs)/SCR´s - Outside PT,Investment,2014,
Liberty Global Ventures,"VENIAM, INC.",Directed,23,,"<[2014.0, Infinity]>",1.0,Limited Partners (LPs)/SCR´s - Outside PT,Investment,2014,
"CUF ­ Companhia União Fabril, SGPS, S.A","YD YNVISIBLE, S.A.",Directed,24,,"<[2013.0, Infinity]>",1.0,Corporate,Investment,2013,
Beyond Newsgen ­ Soluções de Gestão e Personalização de Conteúdos Lda,"WIZI TO FIND, S.A.",Directed,25,,"<[2006.0, Infinity]>",1.0,Corporate,Investment,2006,
ENERNOVA - Novas Energias S.A.,"WINDPLUS, S.A.",Directed,26,,"<[2009.0, Infinity]>",1.0,Corporate,Investment,2009,
ISCTE,FCR Portugal Ventures Universitas,Directed,27,,"<[2011.0, Infinity]>",1.0,Universities,VC Fundraising,2011,
ISCTE,BGI SA,Directed,28,,"<[2013.0, Infinity]>",1.0,Universities,Management entity (or controlling entity),2013,
Universidade do Porto,"SMARTWATT - ENERGY SERVICES, S.A.",Directed,29,,"<[2009.0, Infinity]>",1.0,Universities,Investment,2009,
Universidade do Porto,"PETSYS ELECTRONICS - MEDICAL PET DETECTORS,",Directed,30,,"<[2013.0, Infinity]>",1.0,Universities,Investment,2013,
Universidade do Porto,"BERD - PROJECTO, INVESTIGAÇÃO E ENGENHARIA DE PONTES S.A.",Directed,31,,"<[2006.0, Infinity]>",1.0,Universities,Investment,2006,
Universidade do Porto,"KINEMATIX SENSE, S.A.",Directed,32,,"<[2008.0, Infinity]>",1.0,Universities,Investment,2008,
Universidade do Porto,"MAGNOMICS, S.A.",Directed,33,,"<[2014.0, Infinity]>",1.0,Universities,Investment,2014,
Universidade do Porto,"FLUIDINOVA, S.A.",Directed,34,,"<[2005.0, Infinity]>",1.0,Universities,Investment,2005,
"Inesc ID ­ Instituto de Engenharia de Sistemas e Computadores, Investigação e Desenvolvimento","COREWORKS - PROJECTOS DE CIRCUITOS E SISTEMAS ELECTRÓNICOS, S.A.",Directed,35,,"<[2006.0, Infinity]>",1.0,Universities,Investment,2006,
BGI SA,"VENIAM, INC.",Directed,36,,"<[2014.0, Infinity]>",1.0,Universities,Investment,2014,
BGI SA,"CHANGING EXPERIENCE, S.A.",Directed,37,,"<[2013.0, Infinity]>",1.0,Universities,Investment,2013,
BGI SA,"D-ORBIT PT, LDA",Directed,38,,"<[2014.0, Infinity]>",1.0,Universities,Investment,2014,
BGI SA,"MOVVO, S.A.",Directed,39,,"<[2013.0, Infinity]>",1.0,Universities,Investment,2013,
BPI,FCR F-HITEC,Directed,40,,"<[2008.0, Infinity]>",1.0,Banks,VC Fundraising,2008,
BPI,Pathena SICAR,Directed,41,,"<[2012.0, Infinity]>",1.0,Banks,VC Fundraising,2012,
BPI,FCR Portugal Ventures Turismo Inovação,Directed,42,,"<[2011.0, Infinity]>",1.0,Banks,VC Fundraising,2011,
BPI,FCR Portugal Ventures ACTEC II,Directed,43,,"<[2011.0, Infinity]>",1.0,Banks,VC Fundraising,2011,
BES/Novo Banco,FCR ISTART I,Directed,44,,"<[2011.0, Infinity]>",1.0,Banks,VC Fundraising,2011,
BES/Novo Banco,FCR PME / Novo Banco,Directed,45,,"<[1997.0, Infinity]>",1.0,Banks,VC Fundraising,1997,
BES/Novo Banco,FCR ESV Inovação & Internacionalização,Directed,46,,"<[2011.0, Infinity]>",1.0,Banks,VC Fundraising,2011,
Novo Banco (vendido SONAE IM em 2016),FCR ESV II,Directed,47,,"<[2006.0, 2016.0]>",1.0,Banks,VC Fundraising,2006,2016
Novo Banco (vendido SONAE IM em 2016),FCR ESV III,Directed,48,,"<[2009.0, Infinity]>",1.0,Banks,VC Fundraising,2009,
DST,FCR Minho Inovação e Internacionalização,Directed,49,,"<[2011.0, Infinity]>",1.0,Corporate,VC Fundraising,2011,
SONAE Capital,FCR F-HITEC,Directed,50,,"<[2008.0, Infinity]>",1.0,Corporate,VC Fundraising,2008,
INSTITUTO DE SOLDADURA E QUALIDADE,"SPHERAA - PRODUÇÃO DE ENERGIA, LDA",Directed,51,,"<[2008.0, Infinity]>",1.0,Corporate,Investment,2008,
PKM,FCR Minho Inovação e Internacionalização,Directed,52,,"<[2011.0, Infinity]>",1.0,Corporate,VC Fundraising,2011,
IMPRESA,"NONIUSSOFT, SOFTWARE E CONSULTORIA PARA TELECOMUNICAÇÕES, S.A.",Directed,53,,"<[2011.0, 2015.0]>",1.0,Corporate,Investment,2011,2015
"CGC Centro de Genética Clínica e Patologia, S.A.",STEMMATTERS - BIOTECNOLOGIA E MEDICINA REGENERATIVA S.A.,Directed,54,,"<[2011.0, Infinity]>",1.0,Corporate,Investment,2011,
"Bluepharma ­ Indústria farmacêutica,S.A.","TREAT U, S.A.",Directed,55,,"<[2013.0, Infinity]>",1.0,Corporate,Investment,2013,
"LUSÁGUA ­ SERVIÇOS AMBIENTAIS, S.A.","SPHERAA - PRODUÇÃO DE ENERGIA, LDA",Directed,56,,"<[2008.0, Infinity]>",1.0,Corporate,Investment,2008,
REPSOL,"WINDPLUS, S.A.",Directed,57,,"<[2009.0, Infinity]>",1.0,Corporate,Investment,2009,
Workday Ventures,"UNBABEL, INC.",Directed,58,,"<[2014.0, Infinity]>",1.0,Corporate,Investment,2014,
D­ORBIT S.R.L.,"D-ORBIT PT, LDA",Directed,59,,"<[2014.0, Infinity]>",1.0,Targeted companies (startups),Management entity (or controlling entity),2014,
Union Square Ventures,"VENIAM, INC.",Directed,60,,"<[2014.0, Infinity]>",1.0,Limited Partners (LPs)/SCR´s - Outside PT,Investment,2014,
Octopus Ventures,UNIPLACES LIMITED,Directed,61,,"<[2013.0, Infinity]>",1.0,Limited Partners (LPs)/SCR´s - Outside PT,Investment,2013,
Atomico,UNIPLACES LIMITED,Directed,62,,"<[2013.0, Infinity]>",1.0,Limited Partners (LPs)/SCR´s - Outside PT,Investment,2013,
True Ventures,"VENIAM, INC.",Directed,63,,"<[2014.0, Infinity]>",1.0,Limited Partners (LPs)/SCR´s - Outside PT,Investment,2014,
FCR Portugal Ventures Indústrias Criativas,"SCIENCE4YOU, S.A.",Directed,64,,"<[2012.0, Infinity]>",1.0,Venture Capital Funds,Investment,2012,
FCR Portugal Ventures Indústrias Criativas,"TUIZZI, S.A.",Directed,65,,"<[2013.0, Infinity]>",1.0,Venture Capital Funds,Investment,2013,
FCR Portugal Ventures Indústrias Criativas,NUTRI VENTURES CORPORATION - NVC S.A.,Directed,66,,"<[2010.0, Infinity]>",1.0,Venture Capital Funds,Investment,2010,
FCR Portugal Ventures Indústrias Criativas,"IM3DICAL, S.A.",Directed,67,,"<[2013.0, Infinity]>",1.0,Venture Capital Funds,Investment,2013,
FCR Portugal Ventures Indústrias Criativas,"GORGEOUSDETAILS, S.A. - SOCIEDADE EM LIQUIDAÇÃO",Directed,68,,"<[2013.0, 2016.0]>",1.0,Venture Capital Funds,Investment,2013,2016
FCR Portugal Ventures Indústrias Criativas,"GLOBAL INPAKT, S.A.",Directed,69,,"<[2013.0, 2015.0]>",1.0,Venture Capital Funds,Investment,2013,2015
FCR Portugal Ventures Indústrias Criativas,"GETSOCIAL, S.A.",Directed,70,,"<[2013.0, Infinity]>",1.0,Venture Capital Funds,Investment,2013,
FCR Portugal Ventures Indústrias Criativas,"GLEAM, S.A.",Directed,71,,"<[2013.0, Infinity]>",1.0,Venture Capital Funds,Investment,2013,
FCR Portugal Ventures Finicia,"SCIENCE4YOU, S.A.",Directed,72,,"<[2012.0, Infinity]>",1.0,Venture Capital Funds,Investment,2012,
FCR Novabase Capital,"POWER DATA, LDA",Directed,73,,"<[2013.0, Infinity]>",1.0,Venture Capital Funds,Investment,2013,
FCR Novabase Capital,"FEEDZAI - CONSULTADORIA E INOVAÇÃO TECNOLÓGICA, S.A.",Directed,74,,"<[2011.0, 2015.0]>",1.0,Venture Capital Funds,Investment,2011,2015
FCR InovCapital,"KINEMATIX SENSE, S.A.",Directed,75,,"<[2008.0, Infinity]>",1.0,Venture Capital Funds,Investment,2008,
FCR InovCapital,GENE PREDIT S.A.,Directed,76,,"<[2012.0, Infinity]>",1.0,Venture Capital Funds,Investment,2012,
FCR Change Partners I,FCR Fast Change,Directed,77,,"<[2003.0, Infinity]>",1.0,Venture Capital Funds,VC Fundraising,2003,
Fundo de Sindicação de Capital de Risco PME – IAPMEI (“FSCR PME IAPMEI”),FCR Beta Early Stages,Directed,78,,"<[2005.0, 2014.0]>",1.0,Venture Capital Funds,VC Fundraising,2005,2014
Fundo de Capital de Risco para Investidores Qualificados – CAPVEN NewCapital (“FIQ CAPVEN”),FCR Beta Early Stages,Directed,79,,"<[2005.0, 2014.0]>",1.0,Venture Capital Funds,VC Fundraising,2005,2014
FCR Portugal Ventures Turismo Inovação,"MYGON, S.A.",Directed,80,,"<[2012.0, Infinity]>",1.0,Venture Capital Funds,Investment,2012,
FCR Portugal Ventures Turismo Inovação,"WEDELIVERAWESOMEAPPS, S.A.",Directed,81,,"<[2014.0, Infinity]>",1.0,Venture Capital Funds,Investment,2014,
FCR Portugal Ventures Turismo Inovação,"ICLIO, S.A.",Directed,82,,"<[2014.0, Infinity]>",1.0,Venture Capital Funds,Investment,2014,
FCR Portugal Ventures Turismo Inovação,"MAPS WITH LIFE, S.A. - EM LIQUIDAÇÃO",Directed,83,,"<[2013.0, 2016.0]>",1.0,Venture Capital Funds,Investment,2013,2016
FCR Portugal Ventures Turismo Inovação,"FAIRWAY, MEDICAL TOURISM PORTUGAL, S.A.",Directed,84,,"<[2013.0, Infinity]>",1.0,Venture Capital Funds,Investment,2013,
FCR Portugal Ventures Turismo Inovação,"FRIDAY: CIÊNCIA E ENGENHARIA DO LAZER, S.A.",Directed,85,,"<[2014.0, Infinity]>",1.0,Venture Capital Funds,Investment,2014,
FCR Beta Ciências da Vida,"NONIUSSOFT, SOFTWARE E CONSULTORIA PARA TELECOMUNICAÇÕES, S.A.",Directed,86,,"<[2011.0, 2015.0]>",1.0,Venture Capital Funds,Investment,2011,2015
FCR Beta Ciências da Vida,"MAGNOMICS, S.A.",Directed,87,,"<[2014.0, Infinity]>",1.0,Venture Capital Funds,Investment,2014,
FCR Beta Ciências da Vida,"EQUIGERMINAL, S.A.",Directed,88,,"<[2012.0, Infinity]>",1.0,Venture Capital Funds,Investment,2012,
FCR Beta Ciências da Vida,"HEARTGENETICS GENETICS AND BIOTECHNOLOGY, S.A.",Directed,89,,"<[2013.0, Infinity]>",1.0,Venture Capital Funds,Investment,2013,
FCR ISTART I,"SAKPROJECT INTERNATIONAL, S.A",Directed,90,,"<[2012.0, Infinity]>",1.0,Venture Capital Funds,Investment,2012,
FCR ISTART I,QAMINE LIMITED,Directed,91,,"<[2015.0, Infinity]>",1.0,Venture Capital Funds,Investment,2015,
FCR ISTART I,"QAMINE PORTUGAL, S.A",Directed,92,,"<[2013.0, Infinity]>",1.0,Venture Capital Funds,Investment,2013,
FCR ISTART I,"ECOFOOT, S.A.",Directed,93,,"<[2013.0, Infinity]>",1.0,Venture Capital Funds,Investment,2013,
FCR ISTART I,"LASERLEAP TECHNOLOGIES,S.A.",Directed,94,,"<[2013.0, Infinity]>",1.0,Venture Capital Funds,Investment,2013,
FCR ISTART I,"MUZZLEY, S.A.",Directed,95,,"<[2012.0, Infinity]>",1.0,Venture Capital Funds,Investment,2012,
FCR ISTART I,"FASTINOV, S.A.",Directed,96,,"<[2015.0, Infinity]>",1.0,Venture Capital Funds,Investment,2015,
FCR ISTART I,"EQUIGERMINAL, S.A.",Directed,97,,"<[2012.0, Infinity]>",1.0,Venture Capital Funds,Investment,2012,
FCR ISTART I,"HEARTGENETICS GENETICS AND BIOTECHNOLOGY, S.A.",Directed,98,,"<[2013.0, Infinity]>",1.0,Venture Capital Funds,Investment,2013,
FCR PME / Novo Banco,"EPEDAL, SGPS S.A.",Directed,99,,"<[2015.0, Infinity]>",1.0,Venture Capital Funds,Investment,2015,
FCR Fast Change,"STOPLINE FILMS - PRODUÇÃO DE AUDIOVISUAIS, LDA",Directed,100,,"<[2005.0, Infinity]>",1.0,Venture Capital Funds,Investment,2005,
FCR Fast Change,"CEV, S.A.",Directed,101,,"<[2007.0, Infinity]>",1.0,Venture Capital Funds,Investment,2007,
FCR Fast Change,"CONVERDE, S.A.",Directed,102,,"<[2012.0, Infinity]>",1.0,Venture Capital Funds,Investment,2012,
FCR Fast Change,CRITICAL LINKS S.A.,Directed,103,,"<[2007.0, Infinity]>",1.0,Venture Capital Funds,Investment,2007,
FCR Fast Change,"HOTTRADE - REPRESENTAÇÕES, GESTÃO E SERVIÇOS S.A.",Directed,104,,"<[2006.0, Infinity]>",1.0,Venture Capital Funds,Investment,2006,
FCR Fast Change,"FLUIDINOVA, S.A.",Directed,105,,"<[2005.0, Infinity]>",1.0,Venture Capital Funds,Investment,2005,
FCR Fast Change,"GUESTCENTRIC SYSTEMS, S.A.",Directed,106,,"<[2007.0, Infinity]>",1.0,Venture Capital Funds,Investment,2007,
FCR Revitalizar Centro,"CELL2B - ADVANCED THERAPEUTICS, S.A.",Directed,107,,"<[2012.0, Infinity]>",1.0,Venture Capital Funds,Investment,2012,
FCR Revitalizar Centro,"FEEDZAI - CONSULTADORIA E INOVAÇÃO TECNOLÓGICA, S.A.",Directed,108,,"<[2011.0, Infinity]>",1.0,Venture Capital Funds,Investment,2011,
FCR Portugal Ventures ACTEC II,"TOP RESEARCH, S.A.",Directed,109,,"<[2015.0, Infinity]>",1.0,Venture Capital Funds,Investment,2015,
FCR Portugal Ventures ACTEC II,THELIAL TECHNOLOGIES S.A.,Directed,110,,"<[2010.0, Infinity]>",1.0,Venture Capital Funds,Investment,2010,
FCR Portugal Ventures ACTEC II,"PERCEIVE3D, S.A.",Directed,111,,"<[2013.0, Infinity]>",1.0,Venture Capital Funds,Investment,2013,
FCR Portugal Ventures ACTEC II,"POSSIBLE ANSWER , S.A",Directed,112,,"<[2015.0, Infinity]>",1.0,Venture Capital Funds,Investment,2015,
FCR Portugal Ventures ACTEC II,"ZARPH, S.A.",Directed,113,,"<[2013.0, Infinity]>",1.0,Venture Capital Funds,Investment,2013,
FCR Portugal Ventures ACTEC II,"CHANGING EXPERIENCE, S.A.",Directed,114,,"<[2013.0, Infinity]>",1.0,Venture Capital Funds,Investment,2013,
FCR Portugal Ventures ACTEC II,BULLET SOLUTIONS - SISTEMAS DE INFORMAÇÃO S.A.,Directed,115,,"<[2015.0, Infinity]>",1.0,Venture Capital Funds,Investment,2015,
FCR Portugal Ventures ACTEC II,"MICE - MOLDS AND INJECTED COMPONENTS ENGINEERING, S.A.",Directed,116,,"<[2015.0, Infinity]>",1.0,Venture Capital Funds,Investment,2015,
FCR Portugal Ventures Biocant,"TREAT U, S.A.",Directed,117,,"<[2013.0, Infinity]>",1.0,Venture Capital Funds,Investment,2013,
FCR Portugal Ventures Biocant,"PEEK HEALTH, S.A.",Directed,118,,"<[2015.0, Infinity]>",1.0,Venture Capital Funds,Investment,2015,
FCR Portugal Ventures Biocant,"PERCEIVE3D, S.A.",Directed,119,,"<[2013.0, Infinity]>",1.0,Venture Capital Funds,Investment,2013,
FCR Portugal Ventures Biocant,"CBRA GENOMICS, S.A.",Directed,120,,"<[2013.0, Infinity]>",1.0,Venture Capital Funds,Investment,2013,
FCR Portugal Ventures Biocant,"IMMUNETHEP, S.A.",Directed,121,,"<[2015.0, Infinity]>",1.0,Venture Capital Funds,Investment,2015,
FCR Portugal Ventures Biocant,"LUZITIN, S.A.",Directed,122,,"<[2011.0, Infinity]>",1.0,Venture Capital Funds,Investment,2011,
FCR Portugal Ventures Biocant,GENE PREDIT S.A.,Directed,123,,"<[2012.0, Infinity]>",1.0,Venture Capital Funds,Investment,2012,
FCR Novabase Inovação e Internacionalização,"SMARTGEO, SOLUTIONS, LDA",Directed,124,,"<[2013.0, Infinity]>",1.0,Venture Capital Funds,Investment,2013,
FCR Novabase Inovação e Internacionalização,"POWER DATA, LDA",Directed,125,,"<[2013.0, Infinity]>",1.0,Venture Capital Funds,Investment,2013,
FCR Novabase Inovação e Internacionalização,"POWERGRID, LDA",Directed,126,,"<[2011.0, Infinity]>",1.0,Venture Capital Funds,Investment,2011,
FCR Novabase Inovação e Internacionalização,"RADICAL INNOVATION, LDA",Directed,127,,"<[2013.0, Infinity]>",1.0,Venture Capital Funds,Investment,2013,
FCR Novabase Inovação e Internacionalização,"WIZDEE-SISTEMAS DE GESTÃO DE CONHECIMENTO, S.A.",Directed,128,,"<[2014.0, Infinity]>",1.0,Venture Capital Funds,Investment,2014,
FCR Novabase Inovação e Internacionalização,"CITY PULSE, LDA",Directed,129,,"<[2014.0, Infinity]>",1.0,Venture Capital Funds,Investment,2014,
FCR Novabase Inovação e Internacionalização,"BRIGHT INNOVATION, LDA",Directed,130,,"<[2012.0, Infinity]>",1.0,Venture Capital Funds,Investment,2012,
FCR Novabase Inovação e Internacionalização,"DTV RESEARCH, UNIPESSOAL LDA",Directed,131,,"<[2012.0, 2014.0]>",1.0,Venture Capital Funds,Investment,2012,2014
FCR Novabase Inovação e Internacionalização,"LIVIAN TECHNOLOGIES, LDA",Directed,132,,"<[2014.0, Infinity]>",1.0,Venture Capital Funds,Investment,2014,
FCR Critical Ventures I,"RETMARKER, S.A.",Directed,133,,"<[2011.0, Infinity]>",1.0,Venture Capital Funds,Investment,2011,
FCR Critical Ventures I,"BLUECARING - SISTEMAS DE MONITORIZAÇÃO, S.A.",Directed,134,,"<[2014.0, Infinity]>",1.0,Venture Capital Funds,Investment,2014,
FCR Critical Ventures I,"CBRA GENOMICS, S.A.",Directed,135,,"<[2013.0, Infinity]>",1.0,Venture Capital Funds,Investment,2013,
FCR Critical Ventures I,"CRITICAL MATERIALS, S.A.",Directed,136,,"<[2011.0, Infinity]>",1.0,Venture Capital Funds,Investment,2011,
FCR Portugal Ventures Valor,BIOSURFIT S.A.,Directed,137,,"<[2006.0, Infinity]>",1.0,Venture Capital Funds,Investment,2006,
Fundo de Capital de Risco para Investidores Qualificados PME Investimentos­ TIEC,BIOSURFIT S.A.,Directed,138,,"<[2004.0, Infinity]>",1.0,Venture Capital Funds,Investment,2004,
"FABER VENTURES, S.A.","UNBABEL, INC.",Directed,139,,"<[2014.0, Infinity]>",1.0,Targeted companies (startups),Investment,2014,
"FABER VENTURES, S.A.","PASSWORKS, S.A.",Directed,140,,"<[2014.0, Infinity]>",1.0,Targeted companies (startups),Investment,2014,
"FABER VENTURES, S.A.","QAMINE PORTUGAL, S.A",Directed,141,,"<[2013.0, Infinity]>",1.0,Targeted companies (startups),Investment,2013,
"FABER VENTURES, S.A.",QAMINE LIMITED,Directed,142,,"<[2015.0, Infinity]>",1.0,Targeted companies (startups),Investment,2015,
"FABER VENTURES, S.A.","YOUNGSTORIES, S.A.",Directed,143,,"<[2013.0, Infinity]>",1.0,Targeted companies (startups),Investment,2013,
"FABER VENTURES, S.A.","CHIC BY CHOICE, S.A.",Directed,144,,"<[2014.0, Infinity]>",1.0,Targeted companies (startups),Investment,2014,
"FABER VENTURES, S.A.","ALTURA PUBLISHING, S.A.",Directed,145,,"<[2014.0, Infinity]>",1.0,Targeted companies (startups),Investment,2014,
"FABER VENTURES, S.A.","LIQUID DATA INTELLIGENCE, S.A.",Directed,146,,"<[2014.0, Infinity]>",1.0,Targeted companies (startups),Investment,2014,
"FABER VENTURES, S.A.","GLEAM, S.A.",Directed,147,,"<[2013.0, Infinity]>",1.0,Targeted companies (startups),Investment,2013,
"FABER VENTURES, S.A.","GETSOCIAL, S.A.",Directed,148,,"<[2013.0, Infinity]>",1.0,Targeted companies (startups),Investment,2013,
ALFAMA INC.,ALFAMA - INVESTIGAÇÃO E DESENVOLVIMENTO DE PRODUTOS FARMACÊUTICOS LDA,Directed,149,,"<[2013.0, 2014.0]>",1.0,Targeted companies (startups),Investment,2013,2014
FCR FAI Energias,"WINDPLUS, S.A.",Directed,150,,"<[2009.0, Infinity]>",1.0,Venture Capital Funds,Investment,2009,
PME Investimentos – Sociedade de Investimento S.A.,Fundo de Sindicação de Capital de Risco PME – IAPMEI (“FSCR PME IAPMEI”),Directed,151,,"<[2003.0, Infinity]>",1.0,Venture Capital Funds,Management entity (or controlling entity),2003,
Fundo de Capital de Risco Portugal Ventures,"MAGNOMICS, S.A.",Directed,152,,"<[2014.0, 2014.0]>",1.0,Venture Capital Funds,Investment,2014,2014
Fundo de Capital de Risco Portugal Ventures,"MAGNOMICS, S.A.",Directed,153,,"<[1993.0, 2014.0]>",1.0,Venture Capital Funds,Investment,1993,2014
Oxy Capital Fundo Mezzanine,"NONIUSSOFT, SOFTWARE E CONSULTORIA PARA TELECOMUNICAÇÕES, S.A.",Directed,154,,"<[2015.0, Infinity]>",1.0,Venture Capital Funds,Investment,2015,
FCR Portugal Ventures,"PROCESSWARE - SOLUÇÕES INFORMÁTICAS, S.A.",Directed,155,,"<[2014.0, Infinity]>",1.0,Venture Capital Funds,Investment,2014,
FCR Revitalizar Norte,NMUSIC S.A.,Directed,156,,"<[2013.0, Infinity]>",1.0,Venture Capital Funds,Investment,2013,
FCR ESV III,SafetyPay,Directed,157,,"<[2008.0, Infinity]>",1.0,Venture Capital Funds,Investment,2008,
FCR ESV III,Spectrum Bridge,Directed,158,,"<[2008.0, Infinity]>",1.0,Venture Capital Funds,Investment,2008,
FCR ESV III,Ubiquity Global Services,Directed,159,,"<[2012.0, Infinity]>",1.0,Venture Capital Funds,Investment,2012,
FCR ESV III,"NUTRIGREEN, S.A.",Directed,160,,"<[2009.0, Infinity]>",1.0,Venture Capital Funds,Investment,2009,
FCR ESV III,Petra Systems,Directed,161,,"<[2010.0, Infinity]>",1.0,Venture Capital Funds,Investment,2010,
FCR ESV III,"QAMINE PORTUGAL, S.A",Directed,162,,"<[2013.0, Infinity]>",1.0,Venture Capital Funds,Investment,2013,
FCR ESV III,Watson Brown,Directed,163,,"<[2008.0, Infinity]>",1.0,Venture Capital Funds,Investment,2008,
FCR ESV III,"DOMATICA ­ GLOBAL SOLUTIONS, S.A.",Directed,164,,"<[2011.0, Infinity]>",1.0,Venture Capital Funds,Investment,2011,
FCR ESV III,Current,Directed,165,,"<[2011.0, 2013.0]>",1.0,Venture Capital Funds,Investment,2011,2013
FCR ESV III,A123Systems,Directed,166,,"<[2009.0, 2012.0]>",1.0,Venture Capital Funds,Investment,2009,2012
FCR ESV III,"ADVANCED CYCLONE SYSTEMS, S.A.",Directed,167,,"<[2009.0, Infinity]>",1.0,Venture Capital Funds,Investment,2009,
FCR ESV III,JDCPhosphate,Directed,168,,"<[2012.0, Infinity]>",1.0,Venture Capital Funds,Investment,2012,
FCR ESV III,"MUZZLEY, S.A.",Directed,169,,"<[2012.0, Infinity]>",1.0,Venture Capital Funds,Investment,2012,
FCR ESV III,"MUZZLEY, S.A.",Directed,170,,"<[2012.0, Infinity]>",1.0,Venture Capital Funds,Investment,2012,
FCR ESV III,"MUZZLEY, S.A.",Directed,171,,"<[2012.0, Infinity]>",1.0,Venture Capital Funds,Investment,2012,
FCR ESV III,MAGPOWER - SOLUÇÕES DE ENERGIA S.A.,Directed,172,,"<[2011.0, Infinity]>",1.0,Venture Capital Funds,Investment,2011,
FCR Fast Change II,STREAMBOLICO S.A.,Directed,173,,"<[2013.0, Infinity]>",1.0,Venture Capital Funds,Investment,2013,
FCR Fast Change II,"SWORD HEALTH, S.A",Directed,174,,"<[2014.0, Infinity]>",1.0,Venture Capital Funds,Investment,2014,
FCR Fast Change II,"CELL2B - ADVANCED THERAPEUTICS, S.A.",Directed,175,,"<[2012.0, Infinity]>",1.0,Venture Capital Funds,Investment,2012,
FCR Fast Change II,"EIDT - ENGENHARIA, INOVAÇÃO E DESENVOLVIMENTO TECNOLÓGICO, S.A.",Directed,176,,"<[2012.0, Infinity]>",1.0,Venture Capital Funds,Investment,2012,
FCR Fast Change II,"CONVERDE, S.A.",Directed,177,,"<[2012.0, Infinity]>",1.0,Venture Capital Funds,Investment,2012,
FCR Fast Change II,"5ENSESINFOOD, S.A.",Directed,178,,"<[2013.0, Infinity]>",1.0,Venture Capital Funds,Investment,2013,
FCR Fast Change II,"BIOMODE 2, S.A.",Directed,179,,"<[2014.0, Infinity]>",1.0,Venture Capital Funds,Investment,2014,
FCR Fast Change II,"EXOGENUS THERAPEUTICS, S.A.",Directed,180,,"<[2015.0, Infinity]>",1.0,Venture Capital Funds,Investment,2015,
Fundo de Capital de Risco Portugal Ventures Global 2,"SCIENCE4YOU, S.A.",Directed,181,,"<[2012.0, Infinity]>",1.0,Venture Capital Funds,Investment,2012,
Fundo de Capital de Risco Portugal Ventures Global 2,"BRIGHTWIZARD, S.A",Directed,182,,"<[2015.0, Infinity]>",1.0,Venture Capital Funds,Investment,2015,
Fundo de Capital de Risco Portugal Ventures Global 2,"BICA STUDIOS, S.A.",Directed,183,,"<[2015.0, Infinity]>",1.0,Venture Capital Funds,Investment,2015,
FCR Empreender Mais,FCR Portugal Ventures Universitas,Directed,184,,"<[2011.0, Infinity]>",1.0,Venture Capital Funds,VC Fundraising,2011,
FCR Empreender Mais,STEMMATTERS - BIOTECNOLOGIA E MEDICINA REGENERATIVA S.A.,Directed,185,,"<[2011.0, Infinity]>",1.0,Venture Capital Funds,Investment,2011,
FCR Empreender Mais,"NONIUSSOFT, SOFTWARE E CONSULTORIA PARA TELECOMUNICAÇÕES, S.A.",Directed,186,,"<[2011.0, 2015.0]>",1.0,Venture Capital Funds,Investment,2011,2015
FCR Empreender Mais,"CHANGING EXPERIENCE, S.A.",Directed,187,,"<[2013.0, Infinity]>",1.0,Venture Capital Funds,Investment,2013,
FCR Empreender Mais,BIOSURFIT S.A.,Directed,188,,"<[2006.0, Infinity]>",1.0,Venture Capital Funds,Investment,2006,
FCR Empreender Mais,"MOVVO, S.A.",Directed,189,,"<[2011.0, Infinity]>",1.0,Venture Capital Funds,Investment,2011,
FCR Empreender Mais,"GUESTCENTRIC SYSTEMS, S.A.",Directed,190,,"<[2007.0, Infinity]>",1.0,Venture Capital Funds,Investment,2007,
FCR Caixa Tech Transfer Accelerator Ventures,"PLUX - WIRELESS BIOSIGNALS, S.A.",Directed,191,,"<[2011.0, Infinity]>",1.0,Venture Capital Funds,Investment,2011,
FCR Caixa Tech Transfer Accelerator Ventures,"CHANGING EXPERIENCE, S.A.",Directed,192,,"<[2013.0, Infinity]>",1.0,Venture Capital Funds,Investment,2013,
FCR Caixa Tech Transfer Accelerator Ventures,"BIOMIMETX,S.A.",Directed,193,,"<[2015.0, Infinity]>",1.0,Venture Capital Funds,Investment,2015,
FCR Beta Early Stages,"CRIVO INVESTIGAÇÃO APLICADA, S.A.",Directed,194,,"<[2008.0, Infinity]>",1.0,Venture Capital Funds,Investment,2008,
FCR Beta Early Stages,BIOSURFIT S.A.,Directed,195,,"<[2006.0, Infinity]>",1.0,Venture Capital Funds,Investment,2006,
Fundo de Sindicação de Capital de Risco PME ­IAPMEI,BIOSURFIT S.A.,Directed,196,,"<[2006.0, Infinity]>",1.0,Venture Capital Funds,Investment,2006,
FCR Capital Criativo I,"USC INTERNACIONAL, S.A.",Directed,197,,"<[2011.0, Infinity]>",1.0,Venture Capital Funds,Investment,2011,
FCR Capital Criativo I,"CARDMOBILI DESENVOLVIMENTO DE SOFTWARE, S.A.",Directed,198,,"<[2013.0, Infinity]>",1.0,Venture Capital Funds,Investment,2013,
FCR Capital Criativo I,E.A.D. - EMPRESA DE ARQUIVO DE DOCUMENTAÇÃO S.A.,Directed,199,,"<[2014.0, Infinity]>",1.0,Venture Capital Funds,Investment,2014,
FCR Capital Criativo I,"CORTEX INTELLIGENCE TECNOLOGIA, LDA",Directed,200,,"<[2012.0, Infinity]>",1.0,Venture Capital Funds,Investment,2012,
FCR Capital Criativo I,BALFLEX PORTUGAL - COMPONENTES HIDRÁULICOS E INDUSTRIAIS S.A.,Directed,201,,"<[2014.0, Infinity]>",1.0,Venture Capital Funds,Investment,2014,
FCR Capital Criativo I,LIVE CONTENT S.A,Directed,202,,"<[2011.0, 2014.0]>",1.0,Venture Capital Funds,Investment,2011,2014
FCR Capital Criativo I,"ISA - INTELLIGENT SENSING ANYWHERE, S.A.",Directed,203,,"<[2011.0, Infinity]>",1.0,Venture Capital Funds,Investment,2011,
FCR Capital Criativo I,"GO BIZ, VIAGENS E TURISMO, S.A.",Directed,204,,"<[2012.0, Infinity]>",1.0,Venture Capital Funds,Investment,2012,
FCR ESV Inovação & Internacionalização,"SAKPROJECT INTERNATIONAL, S.A",Directed,205,,"<[2012.0, Infinity]>",1.0,Venture Capital Funds,Investment,2012,
FCR ESV Inovação & Internacionalização,"STOCK BEATS, S.A.",Directed,206,,"<[2014.0, Infinity]>",1.0,Venture Capital Funds,Investment,2014,
FCR ESV Inovação & Internacionalização,NUTRI VENTURES CORPORATION - NVC S.A.,Directed,207,,"<[2010.0, Infinity]>",1.0,Venture Capital Funds,Investment,2010,
FCR ESV Inovação & Internacionalização,"BW - BRIDGES WORLDWIDE HOLDING, SGPS, S.A.",Directed,208,,"<[2011.0, Infinity]>",1.0,Venture Capital Funds,Investment,2011,
FCR ESV Inovação & Internacionalização,"BERD - PROJECTO, INVESTIGAÇÃO E ENGENHARIA DE PONTES S.A.",Directed,209,,"<[2006.0, Infinity]>",1.0,Venture Capital Funds,Investment,2006,
FCR ESV Inovação & Internacionalização,"HEARTGENETICS GENETICS AND BIOTECHNOLOGY, S.A.",Directed,210,,"<[2013.0, Infinity]>",1.0,Venture Capital Funds,Investment,2013,
FCR ESV Inovação & Internacionalização,"LUSOEDUC - INFORMAÇÃO E SERVIÇOS, S.A.",Directed,211,,"<[2012.0, Infinity]>",1.0,Venture Capital Funds,Investment,2012,
FCR ESV Inovação & Internacionalização,"FEEDZAI - CONSULTADORIA E INOVAÇÃO TECNOLÓGICA, S.A.",Directed,212,,"<[2011.0, Infinity]>",1.0,Venture Capital Funds,Investment,2011,
Fundo de Capital de Risco AICEP­ Capital Global Grande Projectos de Investimento,"BERD - PROJECTO, INVESTIGAÇÃO E ENGENHARIA DE PONTES S.A.",Directed,213,,"<[2006.0, Infinity]>",1.0,Venture Capital Funds,Investment,2006,
Fundo de Capital de Risco AICEP Capital Global III,"BERD - PROJECTO, INVESTIGAÇÃO E ENGENHARIA DE PONTES S.A.",Directed,214,,"<[2006.0, Infinity]>",1.0,Venture Capital Funds,Investment,2006,
Fundo de Capital de Risco Dinamização Turística,"BGUESTNOW, S.A.",Directed,215,,"<[2015.0, Infinity]>",1.0,Venture Capital Funds,Investment,2015,
Fundo de Capital de Risco Dinamização Turística,"INDIE CAMPERS, S.A.",Directed,216,,"<[2015.0, Infinity]>",1.0,Venture Capital Funds,Investment,2015,
Fundo de Capital de Risco Dinamização Turística,"EXCITING SPACE, S.A.",Directed,217,,"<[2015.0, Infinity]>",1.0,Venture Capital Funds,Investment,2015,
FCR Portugal Ventures Early Stages,STREAMBOLICO S.A.,Directed,218,,"<[2013.0, Infinity]>",1.0,Venture Capital Funds,Investment,2013,
FCR Portugal Ventures Early Stages,"PETSYS ELECTRONICS - MEDICAL PET DETECTORS,",Directed,219,,"<[2013.0, Infinity]>",1.0,Venture Capital Funds,Investment,2013,
FCR Portugal Ventures Early Stages,"YOUNGSTORIES, S.A.",Directed,220,,"<[2013.0, Infinity]>",1.0,Venture Capital Funds,Investment,2013,
FCR Portugal Ventures Early Stages,"WHIZZTEK, S.A. - EM LIQUIDAÇÃO",Directed,221,,"<[2014.0, 2015.0]>",1.0,Venture Capital Funds,Investment,2014,2015
FCR Portugal Ventures Early Stages,"WEBANKOR, S.A.",Directed,222,,"<[2013.0, Infinity]>",1.0,Venture Capital Funds,Investment,2013,
FCR Portugal Ventures Early Stages,"CUBO ENVIRONMENTAL TECHNOLOGIES, S.A.",Directed,223,,"<[2015.0, Infinity]>",1.0,Venture Capital Funds,Investment,2015,
FCR Portugal Ventures Early Stages,"AMANHÃ GLOBAL, S.A.",Directed,224,,"<[2014.0, Infinity]>",1.0,Venture Capital Funds,Investment,2014,
FCR Portugal Ventures Early Stages,"LIQUID DATA INTELLIGENCE, S.A.",Directed,225,,"<[2014.0, Infinity]>",1.0,Venture Capital Funds,Investment,2014,
FCR Portugal Ventures Early Stages,MORNING HEROES S.A.,Directed,226,,"<[2015.0, Infinity]>",1.0,Venture Capital Funds,Investment,2015,
FCR Portugal Ventures Early Stages,"GREENFIBER TECH, S.A.",Directed,227,,"<[2013.0, Infinity]>",1.0,Venture Capital Funds,Investment,2013,
FCR Portugal Ventures Internacionalização,"SCIENCE4YOU, S.A.",Directed,228,,"<[2012.0, Infinity]>",1.0,Venture Capital Funds,Investment,2012,
FCR Portugal Ventures Internacionalização,"SHIFTFORWARD, S.A.",Directed,229,,"<[2014.0, Infinity]>",1.0,Venture Capital Funds,Investment,2014,
FCR Portugal Ventures Internacionalização,"TUIZZI, S.A.",Directed,230,,"<[2013.0, Infinity]>",1.0,Venture Capital Funds,Investment,2013,
FCR Portugal Ventures Internacionalização,NUTRI VENTURES CORPORATION - NVC S.A.,Directed,231,,"<[2010.0, Infinity]>",1.0,Venture Capital Funds,Investment,2010,
FCR Portugal Ventures Internacionalização,"WIZDEE-SISTEMAS DE GESTÃO DE CONHECIMENTO, S.A.",Directed,232,,"<[2014.0, Infinity]>",1.0,Venture Capital Funds,Investment,2014,
FCR Portugal Ventures Internacionalização,"APTOIDE, S.A.",Directed,233,,"<[2013.0, Infinity]>",1.0,Venture Capital Funds,Investment,2013,
FCR Portugal Ventures Internacionalização,"BLOOMERS, S.A.",Directed,234,,"<[2015.0, Infinity]>",1.0,Venture Capital Funds,Investment,2015,
FCR Portugal Ventures Internacionalização,"BEYONDEVICES, S.A.",Directed,235,,"<[2015.0, Infinity]>",1.0,Venture Capital Funds,Investment,2015,
FCR Portugal Ventures Internacionalização,"JSCRAMBLER, S.A.",Directed,236,,"<[2013.0, Infinity]>",1.0,Venture Capital Funds,Investment,2013,
FCR Portugal Ventures Internacionalização,"KINEMATIX SENSE, S.A.",Directed,237,,"<[2008.0, Infinity]>",1.0,Venture Capital Funds,Investment,2008,
FCR Portugal Ventures Internacionalização,"KINEMATIX SENSE, S.A.",Directed,238,,"<[2008.0, Infinity]>",1.0,Venture Capital Funds,Investment,2008,
FCR Portugal Ventures Internacionalização,"KINEMATIX SENSE, S.A.",Directed,239,,"<[2008.0, Infinity]>",1.0,Venture Capital Funds,Investment,2008,
FCR Portugal Ventures Internacionalização,"MOODOPTIC, S.A.",Directed,240,,"<[2014.0, Infinity]>",1.0,Venture Capital Funds,Investment,2014,
FCR Portugal Ventures Internacionalização,"EPEDAL, SGPS S.A.",Directed,241,,"<[2015.0, Infinity]>",1.0,Venture Capital Funds,Investment,2015,
FCR Portugal Ventures Internacionalização,"GRAPHENEST, S.A.",Directed,242,,"<[2015.0, Infinity]>",1.0,Venture Capital Funds,Investment,2015,
FCR Portugal Ventures Universitas,"PASSWORKS, S.A.",Directed,243,,"<[2014.0, Infinity]>",1.0,Venture Capital Funds,Investment,2014,
FCR Portugal Ventures Universitas,"PETSYS ELECTRONICS - MEDICAL PET DETECTORS,",Directed,244,,"<[2013.0, Infinity]>",1.0,Venture Capital Funds,Investment,2013,
FCR Portugal Ventures Universitas,"PEPFEED, S,A",Directed,245,,"<[2015.0, Infinity]>",1.0,Venture Capital Funds,Investment,2015,
FCR Portugal Ventures Universitas,"YOUNGSTORIES, S.A.",Directed,246,,"<[2013.0, Infinity]>",1.0,Venture Capital Funds,Investment,2013,
FCR Portugal Ventures Universitas,"APTOIDE, S.A.",Directed,247,,"<[2013.0, Infinity]>",1.0,Venture Capital Funds,Investment,2013,
FCR Portugal Ventures Universitas,"BABYBOOK, S.A.",Directed,248,,"<[2014.0, Infinity]>",1.0,Venture Capital Funds,Investment,2014,
FCR Portugal Ventures Universitas,"FUNCTIONAL ENVIROMICS TECHNOLOGIES, S.A.",Directed,249,,"<[2013.0, Infinity]>",1.0,Venture Capital Funds,Investment,2013,
FCR ESV II,"SOUSACAMP, SGPS S.A.",Directed,250,,"<[2007.0, Infinity]>",1.0,Venture Capital Funds,Investment,2007,
FCR ESV II,Superbac,Directed,251,,"<[2007.0, Infinity]>",1.0,Venture Capital Funds,Investment,2007,
FCR ESV II,Ultracell,Directed,252,,"<[2009.0, Infinity]>",1.0,Venture Capital Funds,Investment,2009,
FCR ESV II,TxVia,Directed,253,,"<[2009.0, 2012.0]>",1.0,Venture Capital Funds,Investment,2009,2012
FCR ESV II,Nanosolar,Directed,254,,"<[2006.0, Infinity]>",1.0,Venture Capital Funds,Investment,2006,
FCR ESV II,Ophtalmopharma,Directed,255,,"<[2007.0, Infinity]>",1.0,Venture Capital Funds,Investment,2007,
FCR ESV II,Oceanlinx,Directed,256,,"<[2008.0, Infinity]>",1.0,Venture Capital Funds,Investment,2008,
FCR ESV II,"OUTSYSTEMS - SOFTWARE EM REDE, S.A.",Directed,257,,"<[2007.0, Infinity]>",1.0,Venture Capital Funds,Investment,2007,
FCR ESV II,Prepaid Media,Directed,258,,"<[2005.0, Infinity]>",1.0,Venture Capital Funds,Investment,2005,
FCR ESV II,"YDREAMS - INFORMÁTICA, S.A.",Directed,259,,"<[2006.0, Infinity]>",1.0,Venture Capital Funds,Investment,2006,
FCR ESV II,"YD YNVISIBLE, S.A.",Directed,260,,"<[2013.0, Infinity]>",1.0,Venture Capital Funds,Investment,2013,
FCR ESV II,"COREWORKS - PROJECTOS DE CIRCUITOS E SISTEMAS ELECTRÓNICOS, S.A.",Directed,261,,"<[2006.0, Infinity]>",1.0,Venture Capital Funds,Investment,2006,
FCR ESV II,Atraverda,Directed,262,,"<[2007.0, Infinity]>",1.0,Venture Capital Funds,Investment,2007,
FCR ESV II,AquaSpy,Directed,263,,"<[2007.0, Infinity]>",1.0,Venture Capital Funds,Investment,2007,
FCR ESV II,"AUGRPUBLISHER, S.A",Directed,264,,"<[2014.0, Infinity]>",1.0,Venture Capital Funds,Investment,2014,
FCR ESV II,Iosil Energy,Directed,265,,"<[2012.0, Infinity]>",1.0,Venture Capital Funds,Investment,2012,
FCR ESV II,"HEARTGENETICS GENETICS AND BIOTECHNOLOGY, S.A.",Directed,266,,"<[2013.0, Infinity]>",1.0,Venture Capital Funds,Investment,2013,
FCR ESV II,"FEEDZAI - CONSULTADORIA E INOVAÇÃO TECNOLÓGICA, S.A.",Directed,267,,"<[2011.0, Infinity]>",1.0,Venture Capital Funds,Investment,2011,
FCR ESV II,"GLOBAL ACTIVE, GESTÃO DE PARTICIPAÇÕES SOCIAIS, SGPS S.A.",Directed,268,,"<[2006.0, Infinity]>",1.0,Venture Capital Funds,Investment,2006,
FCR FIAEA ­ Fundo de Investimento de Apoio ao Empreendorismo dos Açores,"ASINUS ATLANTICUS, S.A.",Directed,269,,"<[2014.0, Infinity]>",1.0,Venture Capital Funds,Investment,2014,
FCR ASK Celta,"TORBEL, S.A.",Directed,270,,"<[2014.0, Infinity]>",1.0,Venture Capital Funds,Investment,2014,
FCR ASK Celta,"PETAPILOT, S.A.",Directed,271,,"<[2015.0, Infinity]>",1.0,Venture Capital Funds,Investment,2015,
FCR ASK Celta,"ATP- ATLÂNTICO TRADE PARTNERS - IMPORTAÇÃO E EXPORTAÇÃO DE PRODUTOS ALIMENTARES, LDA",Directed,272,,"<[2011.0, Infinity]>",1.0,Venture Capital Funds,Investment,2011,
FCR ASK Celta,"GUM CHEMICAL SOLUTIONS, S.A.",Directed,273,,"<[2015.0, Infinity]>",1.0,Venture Capital Funds,Investment,2015,
FCR PV ACTEC,FCR Portugal Ventures ACTEC II,Directed,274,,"<[2011.0, 2014.0]>",1.0,Venture Capital Funds,VC Fundraising,2011,2014
FCR PV ACTEC,"OMNIFLOW, S.A",Directed,275,,"<[2012.0, 2014.0]>",1.0,Venture Capital Funds,Investment,2012,2014
FCR PV ACTEC,PHARMA73 S.A.,Directed,276,,"<[2011.0, 2014.0]>",1.0,Venture Capital Funds,Investment,2011,2014
FCR PV ACTEC,"XHOCKWARE, S.A.",Directed,277,,"<[2014.0, 2014.0]>",1.0,Venture Capital Funds,Investment,2014,2014
FCR PV ACTEC,"ABYSSAL, S.A.",Directed,278,,"<[2012.0, 2014.0]>",1.0,Venture Capital Funds,Investment,2012,2014
FCR PV ACTEC,"BIOMODE - BIOMOLECULAR DETERMINATION, S.A.",Directed,279,,"<[2011.0, 2014.0]>",1.0,Venture Capital Funds,Investment,2011,2014
FCR PV ACTEC,"LYMPHACT - LYMPHOCYTE ACTIVATION TECHNOLOGIES, S.A.",Directed,280,,"<[2013.0, 2014.0]>",1.0,Venture Capital Funds,Investment,2013,2014
FCR Minho Inovação e Internacionalização,"SPHERE ULTRAFAST PHOTONICS, S.A.",Directed,281,,"<[2014.0, Infinity]>",1.0,Venture Capital Funds,Investment,2014,
FCR Minho Inovação e Internacionalização,"TOP RESEARCH, S.A.",Directed,282,,"<[2015.0, Infinity]>",1.0,Venture Capital Funds,Investment,2015,
FCR Minho Inovação e Internacionalização,"WATT-IS, S.A.",Directed,283,,"<[2015.0, Infinity]>",1.0,Venture Capital Funds,Investment,2015,
FCR Minho Inovação e Internacionalização,WISE CONNECT S.A.,Directed,284,,"<[2014.0, Infinity]>",1.0,Venture Capital Funds,Investment,2014,
FCR Minho Inovação e Internacionalização,"DOCTORGUMMY, LDA",Directed,285,,"<[2014.0, Infinity]>",1.0,Venture Capital Funds,Investment,2014,
FCR Minho Inovação e Internacionalização,"ADDVOLT, S.A.",Directed,286,,"<[2014.0, Infinity]>",1.0,Venture Capital Funds,Investment,2014,
FCR Minho Inovação e Internacionalização,"BIOMODE 2, S.A.",Directed,287,,"<[2014.0, Infinity]>",1.0,Venture Capital Funds,Investment,2014,
FCR Minho Inovação e Internacionalização,"MOBIQUEUE, S.A.",Directed,288,,"<[2014.0, Infinity]>",1.0,Venture Capital Funds,Investment,2014,
FCR Minho Inovação e Internacionalização,FÓRMULA DA AVÓ - LDA,Directed,289,,"<[2013.0, Infinity]>",1.0,Venture Capital Funds,Investment,2013,
Fundo de Capital de Risco Portugal Ventures Valor 2,"MUZZLEY, S.A.",Directed,290,,"<[2012.0, Infinity]>",1.0,Venture Capital Funds,Investment,2012,
Fundo de Capital de Risco Portugal Ventures Valor 2,"BYCLOSURE, S.A.",Directed,291,,"<[2015.0, Infinity]>",1.0,Venture Capital Funds,Investment,2015,
Fundo de Capital de Risco Portugal Ventures Valor 2,"ALTURA PUBLISHING, S.A.",Directed,292,,"<[2014.0, Infinity]>",1.0,Venture Capital Funds,Investment,2014,
Fundo de Capital de Risco Portugal Ventures Valor 2,"ADFAMILIES PUBLICIDADE, S.A.",Directed,293,,"<[2015.0, Infinity]>",1.0,Venture Capital Funds,Investment,2015,
Fundo de Capital de Risco Portugal Ventures Valor 2,"IMMUNETHEP, S.A.",Directed,294,,"<[2015.0, Infinity]>",1.0,Venture Capital Funds,Investment,2015,
FCR ASK Capital,"TURFLYNX, LDA",Directed,295,,"<[2014.0, Infinity]>",1.0,Venture Capital Funds,Investment,2014,
FCR ASK Capital,"ECT - BUSINESS OPORTUNITY, COMPRA E VENDA DE VIATURAS, LDA",Directed,296,,"<[2014.0, Infinity]>",1.0,Venture Capital Funds,Investment,2014,
FCR ASK Capital,"ALTAKITIN, S.A.",Directed,297,,"<[2011.0, Infinity]>",1.0,Venture Capital Funds,Investment,2011,
FCR ASK Capital,"BABYBOOK, S.A.",Directed,298,,"<[2014.0, Infinity]>",1.0,Venture Capital Funds,Investment,2014,
FCR ASK Capital,"GREENFIBER TECH, S.A.",Directed,299,,"<[2013.0, Infinity]>",1.0,Venture Capital Funds,Investment,2013,
"SharkAB ­ Consultores, Lda","CELL2B - ADVANCED THERAPEUTICS, S.A.",Directed,300,,"<[2012.0, Infinity]>",1.0,SPV´s,Investment,2012,
Magnum Capital Partners,"CELL2B - ADVANCED THERAPEUTICS, S.A.",Directed,301,,"<[2012.0, Infinity]>",1.0,SPV´s,Investment,2012,
"Busy Angels, SGPS","SAKPROJECT INTERNATIONAL, S.A",Directed,302,,"<[2012.0, Infinity]>",1.0,SPV´s,Investment,2012,
"Busy Angels, SGPS","ZUVI NOVA, S.A.",Directed,303,,"<[2011.0, Infinity]>",1.0,SPV´s,Investment,2011,
"Busy Angels, SGPS","YOUNGSTORIES, S.A.",Directed,304,,"<[2013.0, Infinity]>",1.0,SPV´s,Investment,2013,
"Busy Angels, SGPS","WEBANKOR, S.A.",Directed,305,,"<[2013.0, Infinity]>",1.0,SPV´s,Investment,2013,
"Busy Angels, SGPS","XHOCKWARE, S.A.",Directed,306,,"<[2014.0, Infinity]>",1.0,SPV´s,Investment,2014,
"Busy Angels, SGPS","LASERLEAP TECHNOLOGIES,S.A.",Directed,307,,"<[2013.0, Infinity]>",1.0,SPV´s,Investment,2013,
"Busy Angels, SGPS","ICLIO, S.A.",Directed,308,,"<[2014.0, Infinity]>",1.0,SPV´s,Investment,2014,
"Busy Angels, SGPS","LUSOEDUC - INFORMAÇÃO E SERVIÇOS, S.A.",Directed,309,,"<[2012.0, Infinity]>",1.0,SPV´s,Investment,2012,
"Busy Angels, SGPS","LYMPHACT - LYMPHOCYTE ACTIVATION TECHNOLOGIES, S.A.",Directed,310,,"<[2013.0, Infinity]>",1.0,SPV´s,Investment,2013,
"Busy Angels, SGPS","FASTINOV, S.A.",Directed,311,,"<[2015.0, Infinity]>",1.0,SPV´s,Investment,2015,
"Busy Angels, SGPS","FAIRWAY, MEDICAL TOURISM PORTUGAL, S.A.",Directed,312,,"<[2013.0, Infinity]>",1.0,SPV´s,Investment,2013,
"Busy Angels, SGPS","FABER VENTURES, S.A.",Directed,313,,"<[2013.0, Infinity]>",1.0,SPV´s,Investment,2013,
"Gegnum ­Gestão e Investimentod, lda","BIOMODE 2, S.A.",Directed,314,,"<[2014.0, Infinity]>",1.0,SPV´s,Investment,2014,
"Intercapital ­Investimento e Gestão de Activos, S.A.","PLUX - WIRELESS BIOSIGNALS, S.A.",Directed,315,,"<[2011.0, Infinity]>",1.0,SPV´s,Investment,2011,
"Intercapital ­Investimento e Gestão de Activos, S.A.","CHANGING EXPERIENCE, S.A.",Directed,316,,"<[2013.0, Infinity]>",1.0,SPV´s,Investment,2013,
"Intercapital ­Investimento e Gestão de Activos, S.A.","BIOMIMETX,S.A.",Directed,317,,"<[2015.0, Infinity]>",1.0,SPV´s,Investment,2015,
"Binteractive, Lda","AUGRPUBLISHER, S.A",Directed,318,,"<[2014.0, Infinity]>",1.0,SPV´s,Investment,2014,
"Faber Investments,SGPS","ALTURA PUBLISHING, S.A.",Directed,319,,"<[2014.0, Infinity]>",1.0,SPV´s,Investment,2014,
BrainInvest,"5ENSESINFOOD, S.A.",Directed,320,,"<[2013.0, Infinity]>",1.0,SPV´s,Investment,2013,
"IA - FCI Ciências da Vida SGPS, SA","5ENSESINFOOD, S.A.",Directed,321,,"<[2013.0, Infinity]>",1.0,SPV´s,Investment,2013,
"IA - FCI Ciências da Vida SGPS, SA","BIOMODE 2, S.A.",Directed,322,,"<[2014.0, Infinity]>",1.0,SPV´s,Investment,2014,
"Tagus Innovation for Growth SGPS, SA","FABER VENTURES, S.A.",Directed,323,,"<[2013.0, Infinity]>",1.0,SPV´s,Investment,2013,
"TEX Risco, SGPS, SA","ECOFOOT, S.A.",Directed,324,,"<[2013.0, Infinity]>",1.0,SPV´s,Investment,2013,
"A2B, SGPS","EQUIGERMINAL, S.A.",Directed,325,,"<[2012.0, Infinity]>",1.0,SPV´s,Investment,2012,
"Capital Disperso, LDA","DOCTORGUMMY, LDA",Directed,326,,"<[2014.0, Infinity]>",1.0,SPV´s,Investment,2014,
Vallis Sustainable Investments I,"DOCTORGUMMY, LDA",Directed,327,,"<[2014.0, Infinity]>",1.0,SPV´s,Investment,2014,
Critical SGPS (holding),"WFSW, S.A.",Directed,328,,"<[2012.0, Infinity]>",1.0,SPV´s,Investment,2012,
Critical SGPS (holding),CRITICAL LINKS S.A.,Directed,329,,"<[2007.0, Infinity]>",1.0,SPV´s,Investment,2007,
"Fast Sharks Invest, LDA","DOCTORGUMMY, LDA",Directed,330,,"<[2014.0, Infinity]>",1.0,SPV´s,Investment,2014,
"The Edge, SGPS S.A","CHIC BY CHOICE, S.A.",Directed,331,,"<[2014.0, Infinity]>",1.0,SPV´s,Investment,2014,
"SMARTEQUITY SGPS, LDA","CHANGING EXPERIENCE, S.A.",Directed,332,,"<[2013.0, Infinity]>",1.0,SPV´s,Investment,2013,
"Vallis ­ SGPS, S.A.",Vallis Sustainable Investments I,Directed,333,,"<[2011.0, Infinity]>",1.0,SPV´s,Management entity (or controlling entity),2011,
"Vallis ­ SGPS, S.A.","CELL2B - ADVANCED THERAPEUTICS, S.A.",Directed,334,,"<[2012.0, Infinity]>",1.0,SPV´s,Investment,2012,
"Shilling Capital Partners, SGPS, Lda","YOUNGSTORIES, S.A.",Directed,335,,"<[2013.0, Infinity]>",1.0,SPV´s,Investment,2013,
"Shilling Capital Partners, SGPS, Lda",UNIPLACES LIMITED,Directed,336,,"<[2013.0, Infinity]>",1.0,SPV´s,Investment,2013,
"Shilling Capital Partners, SGPS, Lda","UNBABEL, INC.",Directed,337,,"<[2014.0, Infinity]>",1.0,SPV´s,Investment,2014,
"Shilling Capital Partners, SGPS, Lda","UNIVERSITYPLACES, SERVIÇOS DE INTERNET, LDA",Directed,338,,"<[2012.0, Infinity]>",1.0,SPV´s,Investment,2012,
"Shilling Capital Partners, SGPS, Lda","CELL2B - ADVANCED THERAPEUTICS, S.A.",Directed,339,,"<[2012.0, Infinity]>",1.0,SPV´s,Investment,2012,
"Shilling Capital Partners, SGPS, Lda","FABER VENTURES, S.A.",Directed,340,,"<[2013.0, Infinity]>",1.0,SPV´s,Investment,2013,
"VENIAM, INC.","VENIAM, UNIPESSOAL LDA",Directed,341,,"<[2012.0, Infinity]>",1.0,Targeted companies (startups),Management entity (or controlling entity),2012,
UNIPLACES LIMITED,"UNIVERSITYPLACES, SERVIÇOS DE INTERNET, LDA",Directed,342,,"<[2012.0, Infinity]>",1.0,Targeted companies (startups),Investment,2012,
"YDREAMS - INFORMÁTICA, S.A.","YD YNVISIBLE, S.A.",Directed,343,,"<[2013.0, Infinity]>",1.0,Targeted companies (startups),Investment,2013,
Brains2Market,"ZUVI NOVA, S.A.",Directed,344,,"<[2011.0, Infinity]>",1.0,SPV´s,Investment,2011,
"Talent Minds,Lda","ZARPH, S.A.",Directed,345,,"<[2013.0, Infinity]>",1.0,SPV´s,Investment,2013,
"Caixa Capital SCR, SA",FCR ISTART I,Directed,346,,"<[2011.0, Infinity]>",1.0,Limited Partners (LPs)/SCR´s,VC Fundraising,2011,
"Caixa Capital SCR, SA",FCR F-HITEC,Directed,347,,"<[2008.0, Infinity]>",1.0,Limited Partners (LPs)/SCR´s,VC Fundraising,2008,
"Caixa Capital SCR, SA",FCR Empreender Mais,Directed,348,,"<[2009.0, Infinity]>",1.0,Limited Partners (LPs)/SCR´s,VC Fundraising,2009,
"Caixa Capital SCR, SA",FCR Caixa Tech Transfer Accelerator Ventures,Directed,349,,"<[2015.0, Infinity]>",1.0,Limited Partners (LPs)/SCR´s,VC Fundraising,2015,
"Caixa Capital SCR, SA","SMARTWATT - ENERGY SERVICES, S.A.",Directed,350,,"<[2009.0, Infinity]>",1.0,Limited Partners (LPs)/SCR´s,Investment,2009,
"Caixa Capital SCR, SA",Orankl,Directed,351,,"<[2014.0, Infinity]>",1.0,Limited Partners (LPs)/SCR´s,Investment,2014,
"Caixa Capital SCR, SA",QAMINE LIMITED,Directed,352,,"<[2015.0, Infinity]>",1.0,Limited Partners (LPs)/SCR´s,Investment,2015,
"Caixa Capital SCR, SA",FCR Caixa Tech Transfer Accelerator Ventures,Directed,353,,"<[2015.0, Infinity]>",1.0,Limited Partners (LPs)/SCR´s,Management entity (or controlling entity),2015,
"Caixa Capital SCR, SA",FCR Empreender Mais,Directed,354,,"<[2009.0, Infinity]>",1.0,Limited Partners (LPs)/SCR´s,Management entity (or controlling entity),2009,
"Caixa Capital SCR, SA","UNBABEL, INC.",Directed,355,,"<[2014.0, Infinity]>",1.0,Limited Partners (LPs)/SCR´s,Investment,2014,
"Caixa Capital SCR, SA","VENIAM, INC.",Directed,356,,"<[2014.0, Infinity]>",1.0,Limited Partners (LPs)/SCR´s,Investment,2014,
"Caixa Capital SCR, SA",UNIPLACES LIMITED,Directed,357,,"<[2013.0, Infinity]>",1.0,Limited Partners (LPs)/SCR´s,Investment,2013,
"Caixa Capital SCR, SA","D-ORBIT PT, LDA",Directed,358,,"<[2014.0, Infinity]>",1.0,Limited Partners (LPs)/SCR´s,Investment,2014,
"Caixa Capital SCR, SA","ALLIS UBBO INFORMATION SYSTEMS, LDA",Directed,359,,"<[2015.0, Infinity]>",1.0,Limited Partners (LPs)/SCR´s,Investment,2015,
"Caixa Capital SCR, SA",Farfetch UK Limited,Directed,360,,"<[2005.0, Infinity]>",1.0,Limited Partners (LPs)/SCR´s,Investment,2005,
"Caixa Capital SCR, SA","EXOGENUS THERAPEUTICS, S.A.",Directed,361,,"<[2015.0, Infinity]>",1.0,Limited Partners (LPs)/SCR´s,Investment,2015,
"Portugal Ventures SCR, SA","FOLLOWPRICE, S.A.",Directed,362,,"<[2015.0, Infinity]>",1.0,Limited Partners (LPs)/SCR´s,Investment,2015,
"Portugal Ventures SCR, SA","FOLLOW INSPIRATION, S.A.",Directed,363,,"<[2014.0, Infinity]>",1.0,Limited Partners (LPs)/SCR´s,Investment,2014,
"Portugal Ventures SCR, SA",GENIBET BIOPHARMACEUTICALS S.A.,Directed,364,,"<[2006.0, Infinity]>",1.0,Limited Partners (LPs)/SCR´s,Investment,2006,
"Portugal Ventures SCR, SA","GUESTCENTRIC SYSTEMS, S.A.",Directed,365,,"<[2007.0, Infinity]>",1.0,Limited Partners (LPs)/SCR´s,Investment,2007,
"Portugal Ventures SCR, SA","LYMPHACT - LYMPHOCYTE ACTIVATION TECHNOLOGIES, S.A.",Directed,366,,"<[2014.0, Infinity]>",1.0,Limited Partners (LPs)/SCR´s,Investment,2014,
"Portugal Ventures SCR, SA","MAGNOMICS, S.A.",Directed,367,,"<[2014.0, Infinity]>",1.0,Limited Partners (LPs)/SCR´s,Investment,2014,
"Portugal Ventures SCR, SA",INVINE,Directed,368,,"<[2015.0, Infinity]>",1.0,Limited Partners (LPs)/SCR´s,Investment,2015,
"Portugal Ventures SCR, SA",BIOSURFIT S.A.,Directed,369,,"<[2004.0, Infinity]>",1.0,Limited Partners (LPs)/SCR´s,Investment,2004,
"Portugal Ventures SCR, SA",BitSight Technologies,Directed,370,,"<[2015.0, Infinity]>",1.0,Limited Partners (LPs)/SCR´s,Investment,2015,
"Portugal Ventures SCR, SA",BIOTREND - INOVAÇÃO E ENGENHARIA EM BIOTECNOLOGIA S.A.,Directed,371,,"<[2006.0, Infinity]>",1.0,Limited Partners (LPs)/SCR´s,Investment,2006,
"Portugal Ventures SCR, SA","BIOMODE - BIOMOLECULAR DETERMINATION, S.A.",Directed,372,,"<[2014.0, Infinity]>",1.0,Limited Partners (LPs)/SCR´s,Investment,2014,
"Portugal Ventures SCR, SA","ABYSSAL, S.A.",Directed,373,,"<[2014.0, Infinity]>",1.0,Limited Partners (LPs)/SCR´s,Investment,2014,
"Portugal Ventures SCR, SA",ALFAMA - INVESTIGAÇÃO E DESENVOLVIMENTO DE PRODUTOS FARMACÊUTICOS LDA,Directed,374,,"<[2013.0, Infinity]>",1.0,Limited Partners (LPs)/SCR´s,Investment,2013,
"Portugal Ventures SCR, SA","CSIDE - SOLUÇÕES INTELIGENTES, S.A.",Directed,375,,"<[2008.0, Infinity]>",1.0,Limited Partners (LPs)/SCR´s,Investment,2008,
"Portugal Ventures SCR, SA",CRITICAL LINKS S.A.,Directed,376,,"<[2007.0, Infinity]>",1.0,Limited Partners (LPs)/SCR´s,Investment,2007,
"Portugal Ventures SCR, SA","ENEIDA, WIRELESS & SENSORS, S.A.",Directed,377,,"<[2012.0, Infinity]>",1.0,Limited Partners (LPs)/SCR´s,Investment,2012,
"Portugal Ventures SCR, SA","DISPLAX, S.A.",Directed,378,,"<[2008.0, Infinity]>",1.0,Limited Partners (LPs)/SCR´s,Investment,2008,
"Portugal Ventures SCR, SA","CHIC BY CHOICE, S.A.",Directed,379,,"<[2014.0, Infinity]>",1.0,Limited Partners (LPs)/SCR´s,Investment,2014,
"Portugal Ventures SCR, SA",Code Place (Songvice B.V.),Directed,380,,"<[2015.0, Infinity]>",1.0,Limited Partners (LPs)/SCR´s,Investment,2015,
"Portugal Ventures SCR, SA","WIZI TO FIND, S.A.",Directed,381,,"<[2006.0, Infinity]>",1.0,Limited Partners (LPs)/SCR´s,Investment,2006,
"Portugal Ventures SCR, SA","XHOCKWARE, S.A.",Directed,382,,"<[2014.0, Infinity]>",1.0,Limited Partners (LPs)/SCR´s,Investment,2014,
"Portugal Ventures SCR, SA","ZUVI NOVA, S.A.",Directed,383,,"<[2011.0, Infinity]>",1.0,Limited Partners (LPs)/SCR´s,Investment,2011,
"Portugal Ventures SCR, SA",Principle Power Unipessoal LDA,Directed,384,,"<[2014.0, Infinity]>",1.0,Limited Partners (LPs)/SCR´s,Investment,2014,
"Portugal Ventures SCR, SA",PHARMA73 S.A.,Directed,385,,"<[2014.0, Infinity]>",1.0,Limited Partners (LPs)/SCR´s,Investment,2014,
"Portugal Ventures SCR, SA","OUTSYSTEMS - SOFTWARE EM REDE, S.A.",Directed,386,,"<[2007.0, Infinity]>",1.0,Limited Partners (LPs)/SCR´s,Investment,2007,
"Portugal Ventures SCR, SA","OMNIFLOW, S.A",Directed,387,,"<[2014.0, Infinity]>",1.0,Limited Partners (LPs)/SCR´s,Investment,2014,
"Portugal Ventures SCR, SA","SKAPHANDRUS, S.A. - EM LIQUIDAÇÃO",Directed,388,,"<[2014.0, 2016.0]>",1.0,Limited Partners (LPs)/SCR´s,Investment,2014,2016
"Portugal Ventures SCR, SA",Fundo de Capital de Risco Dinamização Turística,Directed,389,,"<[2009.0, Infinity]>",1.0,Limited Partners (LPs)/SCR´s,Management entity (or controlling entity),2009,
"Portugal Ventures SCR, SA",FCR Portugal Ventures Internacionalização,Directed,390,,"<[2011.0, Infinity]>",1.0,Limited Partners (LPs)/SCR´s,Management entity (or controlling entity),2011,
"Portugal Ventures SCR, SA",FCR Portugal Ventures Indústrias Criativas,Directed,391,,"<[2011.0, Infinity]>",1.0,Limited Partners (LPs)/SCR´s,Management entity (or controlling entity),2011,
"Portugal Ventures SCR, SA",FCR Portugal Ventures Universitas,Directed,392,,"<[2011.0, Infinity]>",1.0,Limited Partners (LPs)/SCR´s,Management entity (or controlling entity),2011,
"Portugal Ventures SCR, SA",FCR Portugal Ventures Turismo Inovação,Directed,393,,"<[2011.0, Infinity]>",1.0,Limited Partners (LPs)/SCR´s,Management entity (or controlling entity),2011,
"Portugal Ventures SCR, SA","PME Capital ­Sociedade Portuguesa de Capital de Risco, S.A",Directed,394,,"<[2001.0, Infinity]>",1.0,Limited Partners (LPs)/SCR´s,Management entity (or controlling entity),2001,
"Portugal Ventures SCR, SA",FCR InovCapital,Directed,395,,"<[2003.0, Infinity]>",1.0,Limited Partners (LPs)/SCR´s,Management entity (or controlling entity),2003,
"Portugal Ventures SCR, SA",FCR FIAEA ­ Fundo de Investimento de Apoio ao Empreendorismo dos Açores,Directed,396,,"<[2011.0, Infinity]>",1.0,Limited Partners (LPs)/SCR´s,Management entity (or controlling entity),2011,
"Portugal Ventures SCR, SA",FCR Portugal Ventures Biocant,Directed,397,,"<[2011.0, Infinity]>",1.0,Limited Partners (LPs)/SCR´s,Management entity (or controlling entity),2011,
"Portugal Ventures SCR, SA",FCR Portugal Ventures Early Stages,Directed,398,,"<[2011.0, Infinity]>",1.0,Limited Partners (LPs)/SCR´s,Management entity (or controlling entity),2011,
"Portugal Ventures SCR, SA",FCR Portugal Ventures Finicia,Directed,399,,"<[2007.0, Infinity]>",1.0,Limited Partners (LPs)/SCR´s,Management entity (or controlling entity),2007,
"Portugal Ventures SCR, SA",FCR Portugal Ventures Global 2,Directed,400,,"<[2015.0, Infinity]>",1.0,Limited Partners (LPs)/SCR´s,Management entity (or controlling entity),2015,
"Portugal Ventures SCR, SA",FCR Portugal Global Ventures,Directed,401,,"<[2005.0, Infinity]>",1.0,Limited Partners (LPs)/SCR´s,Management entity (or controlling entity),2005,
"Portugal Ventures SCR, SA",FCR Portugal Ventures ACTEC II,Directed,402,,"<[2011.0, Infinity]>",1.0,Limited Partners (LPs)/SCR´s,Management entity (or controlling entity),2011,
"Portugal Ventures SCR, SA",FCR FIAEA ­ Fundo de Investimento de Apoio ao Empreendorismo dos Açores,Directed,403,,"<[2011.0, Infinity]>",1.0,Limited Partners (LPs)/SCR´s,VC Fundraising,2011,
"Portugal Ventures SCR, SA",Fundo de Capital de Risco Portugal Ventures Global 2,Directed,404,,"<[2015.0, Infinity]>",1.0,Limited Partners (LPs)/SCR´s,VC Fundraising,2015,
"Portugal Ventures SCR, SA",FCR Portugal Ventures Universitas,Directed,405,,"<[2011.0, Infinity]>",1.0,Limited Partners (LPs)/SCR´s,VC Fundraising,2011,
"Portugal Ventures SCR, SA",FCR Portugal Ventures Internacionalização,Directed,406,,"<[2011.0, Infinity]>",1.0,Limited Partners (LPs)/SCR´s,VC Fundraising,2011,
"Portugal Ventures SCR, SA",FCR Portugal Ventures Early Stages,Directed,407,,"<[2011.0, Infinity]>",1.0,Limited Partners (LPs)/SCR´s,VC Fundraising,2011,
"Portugal Ventures SCR, SA",FCR Critical Ventures I,Directed,408,,"<[2011.0, Infinity]>",1.0,Limited Partners (LPs)/SCR´s,VC Fundraising,2011,
"Portugal Ventures SCR, SA",FCR Portugal Global Ventures,Directed,409,,"<[2005.0, Infinity]>",1.0,Limited Partners (LPs)/SCR´s,VC Fundraising,2005,
"Portugal Ventures SCR, SA",FCR Portugal Ventures Finicia,Directed,410,,"<[2007.0, Infinity]>",1.0,Limited Partners (LPs)/SCR´s,VC Fundraising,2007,
"Portugal Ventures SCR, SA",FCR Portugal Ventures Indústrias Criativas,Directed,411,,"<[2011.0, Infinity]>",1.0,Limited Partners (LPs)/SCR´s,VC Fundraising,2011,
"Portugal Ventures SCR, SA",FCR Portugal Ventures Biocant,Directed,412,,"<[2011.0, Infinity]>",1.0,Limited Partners (LPs)/SCR´s,VC Fundraising,2011,
BrainCapital,"SWORD HEALTH, S.A",Directed,413,,"<[2014.0, Infinity]>",1.0,SPV´s,Investment,2014,
"New Ventures SGPS, SA","SWORD HEALTH, S.A",Directed,414,,"<[2014.0, Infinity]>",1.0,SPV´s,Investment,2014,
"FJR, SGPS, S.A",STEMMATTERS - BIOTECNOLOGIA E MEDICINA REGENERATIVA S.A.,Directed,415,,"<[2011.0, Infinity]>",1.0,SPV´s,Investment,2011,
"Agro Consultores,Lda","ZARPH, S.A.",Directed,416,,"<[2013.0, Infinity]>",1.0,SPV´s,Investment,2013,
"A. Silva Matos II - Investimentos, SA","WINDPLUS, S.A.",Directed,417,,"<[2009.0, Infinity]>",1.0,SPV´s,Investment,2009,
IA - FCI - TICE,"TUIZZI, S.A.",Directed,418,,"<[2013.0, Infinity]>",1.0,SPV´s,Investment,2013,
"ES Ventures SCR, SA",FCR ESV II,Directed,419,,"<[2006.0, Infinity]>",1.0,Limited Partners (LPs)/SCR´s,Management entity (or controlling entity),2006,
"ES Ventures SCR, SA",FCR ESV III,Directed,420,,"<[2009.0, Infinity]>",1.0,Limited Partners (LPs)/SCR´s,Management entity (or controlling entity),2009,
"ES Ventures SCR, SA",FCR ESV Inovação & Internacionalização,Directed,421,,"<[2011.0, Infinity]>",1.0,Limited Partners (LPs)/SCR´s,Management entity (or controlling entity),2011,
"ES Ventures SCR, SA",FCR F-HITEC,Directed,422,,"<[2008.0, Infinity]>",1.0,Limited Partners (LPs)/SCR´s,Management entity (or controlling entity),2008,
"ES Ventures SCR, SA",FCR ISTART I,Directed,423,,"<[2011.0, Infinity]>",1.0,Limited Partners (LPs)/SCR´s,Management entity (or controlling entity),2011,
"ES Ventures SCR, SA","FEEDZAI, INC.",Directed,424,,"<[2013.0, Infinity]>",1.0,Limited Partners (LPs)/SCR´s,Investment,2013,
"Capital Criativo SCR, SA",FCR Capital Criativo I,Directed,425,,"<[2011.0, Infinity]>",1.0,Limited Partners (LPs)/SCR´s,Management entity (or controlling entity),2011,
Haitong Capital SCR SA,FCR PME / Novo Banco,Directed,426,,"<[1997.0, Infinity]>",1.0,Limited Partners (LPs)/SCR´s,Management entity (or controlling entity),1997,
"Change Partners SCR, SA",FCR Fast Change,Directed,427,,"<[2003.0, Infinity]>",1.0,Limited Partners (LPs)/SCR´s,VC Fundraising,2003,
"Change Partners SCR, SA",FCR Fast Change II,Directed,428,,"<[2011.0, Infinity]>",1.0,Limited Partners (LPs)/SCR´s,Management entity (or controlling entity),2011,
"Change Partners SCR, SA",FCR Fast Change,Directed,429,,"<[2005.0, Infinity]>",1.0,Limited Partners (LPs)/SCR´s,Management entity (or controlling entity),2005,
"2BPARTNER SCR, SA",FCR Minho Inovação e Internacionalização,Directed,430,,"<[2011.0, Infinity]>",1.0,Limited Partners (LPs)/SCR´s,Management entity (or controlling entity),2011,
"Novabase Capital SCR, SA",FCR ISTART I,Directed,431,,"<[2011.0, Infinity]>",1.0,Limited Partners (LPs)/SCR´s,VC Fundraising,2011,
"Novabase Capital SCR, SA",FCR Novabase Capital,Directed,432,,"<[2005.0, Infinity]>",1.0,Limited Partners (LPs)/SCR´s,VC Fundraising,2005,
"Novabase Capital SCR, SA",FCR Novabase Inovação e Internacionalização,Directed,433,,"<[2011.0, Infinity]>",1.0,Limited Partners (LPs)/SCR´s,VC Fundraising,2011,
"Novabase Capital SCR, SA",FCR Novabase Inovação e Internacionalização,Directed,434,,"<[2011.0, Infinity]>",1.0,Limited Partners (LPs)/SCR´s,Management entity (or controlling entity),2011,
"Novabase Capital SCR, SA",FCR Novabase Capital,Directed,435,,"<[2005.0, Infinity]>",1.0,Limited Partners (LPs)/SCR´s,Management entity (or controlling entity),2005,
"Novabase Capital SCR, SA","COLLAB - SOLUÇÕES INFORMÁTICAS DE COMUNICAÇÃO E COLABORAÇÃO, S.A.",Directed,436,,"<[2013.0, Infinity]>",1.0,Limited Partners (LPs)/SCR´s,Investment,2013,
"Naves ­Sociedade de Capital de Risco, S.A.","BABYBOOK, S.A.",Directed,437,,"<[2014.0, Infinity]>",1.0,Limited Partners (LPs)/SCR´s,Investment,2014,
"BUSY ANGELS, SCR, S.A","Busy Angels, SGPS",Directed,438,,"<[2015.0, Infinity]>",1.0,Limited Partners (LPs)/SCR´s,Management entity (or controlling entity),2015,
"ISQ SCR, SA",Fundo ISQ Capital,Directed,439,,"<[2005.0, Infinity]>",1.0,Limited Partners (LPs)/SCR´s,Management entity (or controlling entity),2005,
"ISQ SCR, SA",FCR ASK Capital,Directed,440,,"<[2011.0, Infinity]>",1.0,Limited Partners (LPs)/SCR´s,Management entity (or controlling entity),2011,
"ISQ SCR, SA",FCR ASK Celta,Directed,441,,"<[2011.0, Infinity]>",1.0,Limited Partners (LPs)/SCR´s,Management entity (or controlling entity),2011,
"Beta Capital SCR, SA",FCR Beta Early Stages,Directed,442,,"<[2005.0, Infinity]>",1.0,Limited Partners (LPs)/SCR´s,Management entity (or controlling entity),2005,
"Beta Capital SCR, SA",FCR Beta Ciências da Vida,Directed,443,,"<[2011.0, Infinity]>",1.0,Limited Partners (LPs)/SCR´s,Management entity (or controlling entity),2011,
"Beta Capital SCR, SA",GENE PREDIT S.A.,Directed,444,,"<[2012.0, Infinity]>",1.0,Limited Partners (LPs)/SCR´s,Investment,2012,
"Critical Ventures, SCR, SA",FCR Critical Ventures I,Directed,445,,"<[2011.0, Infinity]>",1.0,Limited Partners (LPs)/SCR´s,Management entity (or controlling entity),2011,
"Critical Ventures, SCR, SA",Critical SGPS (holding),Directed,446,,"<[2012.0, Infinity]>",1.0,Limited Partners (LPs)/SCR´s,Management entity (or controlling entity),2012,
"Critical Ventures, SCR, SA","WFSW, S.A.",Directed,447,,"<[2012.0, Infinity]>",1.0,Limited Partners (LPs)/SCR´s,Investment,2012,
"Critical Ventures, SCR, SA",WATCHFUL SOFTWARE,Directed,448,,"<[2012.0, Infinity]>",1.0,Limited Partners (LPs)/SCR´s,Investment,2012,
"Critical Ventures, SCR, SA",CRITICAL LINKS S.A.,Directed,449,,"<[2007.0, Infinity]>",1.0,Limited Partners (LPs)/SCR´s,Investment,2007,
"Critical Ventures, SCR, SA","CRITICAL MANUFACTURING, S.A.",Directed,450,,"<[2009.0, Infinity]>",1.0,Limited Partners (LPs)/SCR´s,Investment,2009,
BIOCANT VENTURES LDA,THELIAL TECHNOLOGIES S.A.,Directed,451,,"<[2010.0, Infinity]>",1.0,SPV´s,Investment,2010,
BIOCANT VENTURES LDA,"MATERA, LDA",Directed,452,,"<[2011.0, Infinity]>",1.0,SPV´s,Investment,2011,
BIOCANT VENTURES LDA,GENE PREDIT S.A.,Directed,453,,"<[2012.0, Infinity]>",1.0,SPV´s,Investment,2012,
"EV Tecsaúde, SGPS, SA",FÓRMULA DA AVÓ - LDA,Directed,454,,"<[2013.0, Infinity]>",1.0,SPV´s,Investment,2013,
"Pathena, SGPS, S.A.",STEMMATTERS - BIOTECNOLOGIA E MEDICINA REGENERATIVA S.A.,Directed,455,,"<[2011.0, Infinity]>",1.0,SPV´s,Investment,2011,
"Pathena, SGPS, S.A.","STOCK BEATS, S.A.",Directed,456,,"<[2014.0, Infinity]>",1.0,SPV´s,Investment,2014,
"Pathena, SGPS, S.A.",NMUSIC S.A.,Directed,457,,"<[2013.0, Infinity]>",1.0,SPV´s,Investment,2013,
"Pathena, SGPS, S.A.",Pathena SICAR,Directed,458,,"<[2012.0, Infinity]>",1.0,SPV´s,Management entity (or controlling entity),2012,
"Pathena, SGPS, S.A.","IM3DICAL, S.A.",Directed,459,,"<[2013.0, Infinity]>",1.0,SPV´s,Investment,2013,
"Venture Catalysts, Lda","IMMUNETHEP, S.A.",Directed,460,,"<[2015.0, Infinity]>",1.0,SPV´s,Investment,2015,
Dueto SGPS,"MOVVO, S.A.",Directed,461,,"<[2011.0, Infinity]>",1.0,SPV´s,Investment,2011,
"BLUE BUSINESS, SGPS, SA","IMOBILEMAGIC - MOBILE EXPERIENCES, LDA",Directed,462,,"<[2010.0, Infinity]>",1.0,SPV´s,Investment,2010,
"Sail Away, Lda","FABER VENTURES, S.A.",Directed,463,,"<[2013.0, Infinity]>",1.0,SPV´s,Investment,2013,
"Eggnest, SGPS, S.A.","PROCESSWARE - SOLUÇÕES INFORMÁTICAS, S.A.",Directed,464,,"<[2014.0, Infinity]>",1.0,SPV´s,Investment,2014,
"Eggnest, SGPS, S.A.","FAIRWAY, MEDICAL TOURISM PORTUGAL, S.A.",Directed,465,,"<[2013.0, Infinity]>",1.0,SPV´s,Investment,2013,
PNV Capital,"ZUVI NOVA, S.A.",Directed,466,,"<[2011.0, Infinity]>",1.0,SPV´s,Investment,2011,
PNV Capital,"WEBANKOR, S.A.",Directed,467,,"<[2013.0, Infinity]>",1.0,SPV´s,Investment,2013,
PNV Capital,"MAGNOMICS, S.A.",Directed,468,,"<[2014.0, Infinity]>",1.0,SPV´s,Investment,2014,
PNV Capital,"MAPS WITH LIFE, S.A. - EM LIQUIDAÇÃO",Directed,469,,"<[2013.0, 2016.0]>",1.0,SPV´s,Investment,2013,2016
PNV Capital,"FABER VENTURES, S.A.",Directed,470,,"<[2013.0, Infinity]>",1.0,SPV´s,Investment,2013,
PNV Capital,"GLOBAL INPAKT, S.A.",Directed,471,,"<[2013.0, 2015.0]>",1.0,SPV´s,Investment,2013,2015
"TIC Risco, SGPS, SA","FOLLOW INSPIRATION, S.A.",Directed,472,,"<[2014.0, Infinity]>",1.0,SPV´s,Investment,2014,
"Best Horizon­SGPS, Unipessoal Lda.","FOLLOWPRICE, S.A.",Directed,473,,"<[2015.0, Infinity]>",1.0,SPV´s,Investment,2015,
RedStar,NUTRI VENTURES CORPORATION - NVC S.A.,Directed,474,,"<[2010.0, Infinity]>",1.0,SPV´s,Investment,2010,
"Skybusiness, S.A.","PEEK HEALTH, S.A.",Directed,475,,"<[2015.0, Infinity]>",1.0,SPV´s,Investment,2015,
Seedcamp,QAMINE LIMITED,Directed,476,,"<[2015.0, Infinity]>",1.0,SPV´s,Investment,2015,
Sequoia Saúde e Tecnologia,"RETMARKER, S.A.",Directed,477,,"<[2011.0, Infinity]>",1.0,SPV´s,Investment,2011,
"Daninves, SGPS, S.A.",STEMMATTERS - BIOTECNOLOGIA E MEDICINA REGENERATIVA S.A.,Directed,478,,"<[2011.0, Infinity]>",1.0,SPV´s,Investment,2011,
SONAE IM,"MOVVO, S.A.",Directed,479,,"<[2011.0, Infinity]>",1.0,SPV´s,Investment,2011,
"EntreParentesis ­SGPS,S.A.","MYGON, S.A.",Directed,480,,"<[2012.0, Infinity]>",1.0,SPV´s,Investment,2012,
"AFSA ­SGPS, S.A","MYGON, S.A.",Directed,481,,"<[2012.0, Infinity]>",1.0,SPV´s,Investment,2012,
"B31­ Investimentos, Lda­","MYGON, S.A.",Directed,482,,"<[2012.0, Infinity]>",1.0,SPV´s,Investment,2012,
"Innovation Makers ­ serviços de Consultoria em Inovação, Lda­","MYGON, S.A.",Directed,483,,"<[2012.0, Infinity]>",1.0,SPV´s,Investment,2012,
"UNBABEL, INC.","UNBABEL, LDA",Directed,484,,"<[2014.0, Infinity]>",1.0,Targeted companies (startups),Management entity (or controlling entity),2014,
Ryan Petersen,"UNBABEL, INC.",Directed,485,,"<[2014.0, Infinity]>",1.0,Other,Investment,2014,
David Peterson,"UNBABEL, INC.",Directed,486,,"<[2014.0, Infinity]>",1.0,Other,Investment,2014,
Young Guo,"UNBABEL, INC.",Directed,487,,"<[2014.0, Infinity]>",1.0,Other,Investment,2014,
Raymond Tonsing,"UNBABEL, INC.",Directed,488,,"<[2014.0, Infinity]>",1.0,Other,Investment,2014,
Rob Emrich,"UNBABEL, INC.",Directed,489,,"<[2014.0, Infinity]>",1.0,Other,Investment,2014,
Roger Dickey,"UNBABEL, INC.",Directed,490,,"<[2014.0, Infinity]>",1.0,Other,Investment,2014,
Digital Garage,"UNBABEL, INC.",Directed,491,,"<[2014.0, Infinity]>",1.0,Other,Investment,2014,
Adeyemi Ajao,"UNBABEL, INC.",Directed,492,,"<[2014.0, Infinity]>",1.0,Other,Investment,2014,
Founding Team,"UNBABEL, LDA",Directed,493,,"<[2014.0, Infinity]>",1.0,Other,Investment,2014,
Elad Gil,"UNBABEL, INC.",Directed,494,,"<[2014.0, Infinity]>",1.0,Other,Investment,2014,
Kevin Rose,"UNBABEL, INC.",Directed,495,,"<[2014.0, Infinity]>",1.0,Other,Investment,2014,
"CIENCIVEST, VALORIZAÇÃO ECONÓMICA DA CIÊNCIA, S.A.","KINEMATIX SENSE, S.A.",Directed,496,,"<[2008.0, Infinity]>",1.0,Other,Investment,2008,
Plug & Play Accelarator,"MUZZLEY, S.A.",Directed,497,,"<[2012.0, Infinity]>",1.0,Other,Investment,2012,
Principle Power Unipessoal LDA,"WINDPLUS, S.A.",Directed,498,,"<[2009.0, Infinity]>",1.0,Other,Investment,2009,
AIP –CCI,FCR Portugal Ventures Universitas,Directed,499,,"<[2011.0, Infinity]>",1.0,Other,VC Fundraising,2011,
PME Investimentos – Sociedade de Investimento S.A.,Fundo de Capital de Risco para Investidores Qualificados PME Investimentos­ TIEC,Directed,500,,"<[2004.0, Infinity]>",1.0,Other,Management entity (or controlling entity),2004,
PME Investimentos – Sociedade de Investimento S.A.,FINOVA - Fundo de Apoio ao Financiamento à Inovação,Directed,501,,"<[2008.0, Infinity]>",1.0,Other,Management entity (or controlling entity),2008,
Y Combinator,"UNBABEL, INC.",Directed,502,,"<[2014.0, Infinity]>",1.0,Other,Investment,2014,
Klaus von Sayn-Wittgenstein,"UNBABEL, INC.",Directed,503,,"<[2014.0, Infinity]>",1.0,Other,Investment,2014,
Undisclosure Angel Investment,QAMINE LIMITED,Directed,504,,"<[2015.0, Infinity]>",1.0,Other,Investment,2015,
Henrique de Castro,QAMINE LIMITED,Directed,505,,"<[2015.0, Infinity]>",1.0,Other,Investment,2015,
Docentes FCUL,"SCIENCE4YOU, S.A.",Directed,506,,"<[2012.0, Infinity]>",1.0,Other,Investment,2012,
Pathena SICAR,"CARDMOBILI DESENVOLVIMENTO DE SOFTWARE, S.A.",Directed,507,,"<[2013.0, Infinity]>",1.0,Limited Partners (LPs)/SCR´s - Outside PT,Investment,2013,
Pathena SICAR,"IMOBILEMAGIC - MOBILE EXPERIENCES, LDA",Directed,508,,"<[2010.0, Infinity]>",1.0,Limited Partners (LPs)/SCR´s - Outside PT,Investment,2010,
Pathena SICAR,"EXAGO VENTURES, S.A.",Directed,509,,"<[2010.0, Infinity]>",1.0,Limited Partners (LPs)/SCR´s - Outside PT,Investment,2010,
Gobi Partners,"APTOIDE, S.A.",Directed,510,,"<[2013.0, Infinity]>",1.0,Limited Partners (LPs)/SCR´s - Outside PT,Investment,2013,
Oak HC/FT,"FEEDZAI, INC.",Directed,511,,"<[2013.0, Infinity]>",1.0,Limited Partners (LPs)/SCR´s - Outside PT,Investment,2013,
e.ventures,"APTOIDE, S.A.",Directed,512,,"<[2013.0, Infinity]>",1.0,Limited Partners (LPs)/SCR´s - Outside PT,Investment,2013,
Golden Gate Ventures,"APTOIDE, S.A.",Directed,513,,"<[2013.0, Infinity]>",1.0,Limited Partners (LPs)/SCR´s - Outside PT,Investment,2013,
"PRINCIPLE POWER, INC.","WINDPLUS, S.A.",Directed,514,,"<[2009.0, Infinity]>",1.0,Other,Investment,2009,
"Leadership Business Technology, S.A.","YD YNVISIBLE, S.A.",Directed,515,,"<[2013.0, Infinity]>",1.0,Other,Investment,2013,
Alex Chesterman,UNIPLACES LIMITED,Directed,516,,"<[2013.0, Infinity]>",1.0,Other,Investment,2013,
Alex Chesterman,"UNIVERSITYPLACES, SERVIÇOS DE INTERNET, LDA",Directed,517,,"<[2012.0, Infinity]>",1.0,Other,Investment,2012,
William Reeve,UNIPLACES LIMITED,Directed,518,,"<[2013.0, Infinity]>",1.0,Other,Investment,2013,
William Reeve,"UNIVERSITYPLACES, SERVIÇOS DE INTERNET, LDA",Directed,519,,"<[2012.0, Infinity]>",1.0,Other,Investment,2012,
Rob McClatchey,UNIPLACES LIMITED,Directed,520,,"<[2013.0, Infinity]>",1.0,Other,Investment,2013,
MERMAID INVESTMENTS B.V.,"TURFLYNX, LDA",Directed,521,,"<[2014.0, Infinity]>",1.0,Limited Partners (LPs)/SCR´s - Outside PT,Investment,2014,
Google Ventures,"UNBABEL, INC.",Directed,522,,"<[2014.0, Infinity]>",1.0,Limited Partners (LPs)/SCR´s - Outside PT,Investment,2014,
Amino Capital,"UNBABEL, INC.",Directed,523,,"<[2014.0, Infinity]>",1.0,Limited Partners (LPs)/SCR´s - Outside PT,Investment,2014,
North Bridge Venture Partners & Growth Equity,"OUTSYSTEMS - SOFTWARE EM REDE, S.A.",Directed,524,,"<[2007.0, Infinity]>",1.0,Limited Partners (LPs)/SCR´s - Outside PT,Investment,2007,
PORTUGAL VENTURE CAPITAL INITIATIVE SICAV,Pathena SICAR,Directed,525,,"<[2012.0, Infinity]>",1.0,Limited Partners (LPs)/SCR´s - Outside PT,VC Fundraising,2012,
Join Capital,QAMINE LIMITED,Directed,526,,"<[2015.0, Infinity]>",1.0,Limited Partners (LPs)/SCR´s - Outside PT,Investment,2015,
Global Accelerator Year 3 B.V,MORNING HEROES S.A.,Directed,527,,"<[2015.0, Infinity]>",1.0,Limited Partners (LPs)/SCR´s - Outside PT,Investment,2015,
Plopper B.V.,MORNING HEROES S.A.,Directed,528,,"<[2015.0, Infinity]>",1.0,Limited Partners (LPs)/SCR´s - Outside PT,Investment,2015,
Capital One Growth Ventures,"FEEDZAI, INC.",Directed,529,,"<[2013.0, Infinity]>",1.0,Limited Partners (LPs)/SCR´s - Outside PT,Investment,2013,
Sapphire Ventures,"FEEDZAI, INC.",Directed,530,,"<[2013.0, Infinity]>",1.0,Limited Partners (LPs)/SCR´s - Outside PT,Investment,2013,
Data Collective,"FEEDZAI, INC.",Directed,531,,"<[2013.0, Infinity]>",1.0,Limited Partners (LPs)/SCR´s - Outside PT,Investment,2013,
Wefunder,"UNBABEL, INC.",Directed,532,,"<[2014.0, Infinity]>",1.0,Limited Partners (LPs)/SCR´s - Outside PT,Investment,2014,
Matrix Partners,"UNBABEL, INC.",Directed,533,,"<[2014.0, Infinity]>",1.0,Limited Partners (LPs)/SCR´s - Outside PT,Investment,2014,
FundersClub,"UNBABEL, INC.",Directed,534,,"<[2014.0, Infinity]>",1.0,Limited Partners (LPs)/SCR´s - Outside PT,Investment,2014,
"Hovione Capital, SCR S.A.","LASERLEAP TECHNOLOGIES,S.A.",Directed,535,,"<[2013.0, Infinity]>",1.0,Limited Partners (LPs)/SCR´s,Investment,2013,
BIOCANT ­ ASSOCIAÇÃO DE TRANSFERÊNCIA DE TECNOLOGIA,"CELL2B - ADVANCED THERAPEUTICS, S.A.",Directed,536,,"<[2012.0, Infinity]>",1.0,Other,Investment,2012,
BIOCANT ­ ASSOCIAÇÃO DE TRANSFERÊNCIA DE TECNOLOGIA,"CBRA GENOMICS, S.A.",Directed,537,,"<[2013.0, Infinity]>",1.0,Other,Investment,2013,
BIOCANT ­ ASSOCIAÇÃO DE TRANSFERÊNCIA DE TECNOLOGIA,"MATERA, LDA",Directed,538,,"<[2011.0, Infinity]>",1.0,Other,Investment,2011,
Indexignition - Investimentos e Consultoria Lda,"AMANHÃ GLOBAL, S.A.",Directed,539,,"<[2014.0, Infinity]>",1.0,Other,Investment,2014,
FINOVA - Fundo de Apoio ao Financiamento à Inovação,FCR ISTART I,Directed,540,,"<[2011.0, Infinity]>",1.0,Other,VC Fundraising,2011,
FINOVA - Fundo de Apoio ao Financiamento à Inovação,FCR Novabase Inovação e Internacionalização,Directed,541,,"<[2011.0, Infinity]>",1.0,Other,VC Fundraising,2011,
FINOVA - Fundo de Apoio ao Financiamento à Inovação,FCR Minho Inovação e Internacionalização,Directed,542,,"<[2011.0, Infinity]>",1.0,Other,VC Fundraising,2011,
FINOVA - Fundo de Apoio ao Financiamento à Inovação,FCR ESV Inovação & Internacionalização,Directed,543,,"<[2011.0, Infinity]>",1.0,Other,VC Fundraising,2011,
FINOVA - Fundo de Apoio ao Financiamento à Inovação,FCR Fast Change II,Directed,544,,"<[2011.0, Infinity]>",1.0,Other,VC Fundraising,2011,
FINOVA - Fundo de Apoio ao Financiamento à Inovação,FCR Capital Criativo I,Directed,545,,"<[2011.0, Infinity]>",1.0,Other,VC Fundraising,2011,
FINOVA - Fundo de Apoio ao Financiamento à Inovação,FCR ASK Celta,Directed,546,,"<[2011.0, Infinity]>",1.0,Other,VC Fundraising,2011,
FINOVA - Fundo de Apoio ao Financiamento à Inovação,FCR ASK Capital,Directed,547,,"<[2011.0, Infinity]>",1.0,Other,VC Fundraising,2011,
FINOVA - Fundo de Apoio ao Financiamento à Inovação,FCR Beta Ciências da Vida,Directed,548,,"<[2011.0, Infinity]>",1.0,Other,VC Fundraising,2011,
FINOVA - Fundo de Apoio ao Financiamento à Inovação,FCR Revitalizar Norte,Directed,549,,"<[2011.0, Infinity]>",1.0,Other,VC Fundraising,2011,
FINOVA - Fundo de Apoio ao Financiamento à Inovação,FCR Portugal Ventures Universitas,Directed,550,,"<[2011.0, Infinity]>",1.0,Other,VC Fundraising,2011,
FINOVA - Fundo de Apoio ao Financiamento à Inovação,FCR Revitalizar Centro,Directed,551,,"<[2011.0, Infinity]>",1.0,Other,VC Fundraising,2011,
FINOVA - Fundo de Apoio ao Financiamento à Inovação,FCR Portugal Ventures Turismo Inovação,Directed,552,,"<[2011.0, Infinity]>",1.0,Other,VC Fundraising,2011,
FINOVA - Fundo de Apoio ao Financiamento à Inovação,FCR Portugal Ventures Internacionalização,Directed,553,,"<[2011.0, Infinity]>",1.0,Other,VC Fundraising,2011,
FINOVA - Fundo de Apoio ao Financiamento à Inovação,FCR Portugal Ventures Early Stages,Directed,554,,"<[2011.0, Infinity]>",1.0,Other,VC Fundraising,2011,
FINOVA - Fundo de Apoio ao Financiamento à Inovação,FCR Portugal Ventures Indústrias Criativas,Directed,555,,"<[2011.0, Infinity]>",1.0,Other,VC Fundraising,2011,
FINOVA - Fundo de Apoio ao Financiamento à Inovação,FCR PME / Novo Banco,Directed,556,,"<[2013.0, Infinity]>",1.0,Other,VC Fundraising,2013,
FINOVA - Fundo de Apoio ao Financiamento à Inovação,FCR Portugal Ventures Biocant,Directed,557,,"<[2011.0, Infinity]>",1.0,Other,VC Fundraising,2011,
FINOVA - Fundo de Apoio ao Financiamento à Inovação,FCR Portugal Ventures ACTEC II,Directed,558,,"<[2011.0, Infinity]>",1.0,Other,VC Fundraising,2011,
FINOVA - Fundo de Apoio ao Financiamento à Inovação,FCR Critical Ventures I,Directed,559,,"<[2011.0, Infinity]>",1.0,Other,VC Fundraising,2011,
Oxy Capital - SCR. S.A.,Oxy Capital Fundo Mezzanine,Directed,560,,"<[2014.0, Infinity]>",1.0,Limited Partners (LPs)/SCR´s,Management entity (or controlling entity),2014,
Oxy Capital - SCR. S.A.,FCR Revitalizar Centro,Directed,561,,"<[2013.0, Infinity]>",1.0,Limited Partners (LPs)/SCR´s,Management entity (or controlling entity),2013,
"BANIF CAPITAL - SOCIEDADE DE CAPITAL DE RISCO, SA",Fundo de Capital de Risco para Investidores Qualificados – CAPVEN NewCapital (“FIQ CAPVEN”),Directed,562,,"<[2003.0, 2014.0]>",1.0,Limited Partners (LPs)/SCR´s,VC Fundraising,2003,2014
"BANIF CAPITAL - SOCIEDADE DE CAPITAL DE RISCO, SA",Fundo de Capital de Risco para Investidores Qualificados – CAPVEN NewCapital (“FIQ CAPVEN”),Directed,563,,"<[2003.0, 2014.0]>",1.0,Limited Partners (LPs)/SCR´s,Management entity (or controlling entity),2003,2014
Explorer Investments SCR S.A.,FCR Revitalizar Norte,Directed,564,,"<[2013.0, Infinity]>",1.0,Limited Partners (LPs)/SCR´s,Management entity (or controlling entity),2013,
"PME Capital ­Sociedade Portuguesa de Capital de Risco, S.A","OUTSYSTEMS - SOFTWARE EM REDE, S.A.",Directed,565,,"<[2007.0, Infinity]>",1.0,Limited Partners (LPs)/SCR´s,Investment,2007,
"PME Capital ­Sociedade Portuguesa de Capital de Risco, S.A","HOTTRADE - REPRESENTAÇÕES, GESTÃO E SERVIÇOS S.A.",Directed,566,,"<[2006.0, Infinity]>",1.0,Limited Partners (LPs)/SCR´s,Investment,2006,
IAPMEI,FCR Novabase Capital,Directed,567,,"<[2005.0, Infinity]>",1.0,Other,VC Fundraising,2005,
IAPMEI,FCR Fast Change,Directed,568,,"<[2003.0, Infinity]>",1.0,Other,VC Fundraising,2003,
IAPMEI,FCR Portugal Ventures Finicia,Directed,569,,"<[2007.0, Infinity]>",1.0,Other,VC Fundraising,2007,
IAPMEI,FCR Portugal Global Ventures,Directed,570,,"<[2005.0, Infinity]>",1.0,Other,VC Fundraising,2005,
IAPMEI,FCR PME / Novo Banco,Directed,571,,"<[1997.0, Infinity]>",1.0,Other,VC Fundraising,1997,
IAPMEI,PME Investimentos – Sociedade de Investimento S.A.,Directed,572,,"<[1998.0, Infinity]>",1.0,Other,Management entity (or controlling entity),1998,
Região Autonoma dos Açores,FCR FIAEA ­ Fundo de Investimento de Apoio ao Empreendorismo dos Açores,Directed,573,,"<[2011.0, Infinity]>",1.0,Other,VC Fundraising,2011,
Turismo de Portugal,FCR Portugal Ventures Turismo Inovação,Directed,574,,"<[2011.0, Infinity]>",1.0,Other,VC Fundraising,2011,
ANJE,FCR Portugal Ventures Universitas,Directed,575,,"<[2011.0, Infinity]>",1.0,Other,VC Fundraising,2011,
Ass. p/Desenvolvimento e Investigação de Viseu,FCR Portugal Ventures Universitas,Directed,576,,"<[2011.0, Infinity]>",1.0,Other,VC Fundraising,2011,
Safeinterest,FCR Portugal Ventures Universitas,Directed,577,,"<[2011.0, Infinity]>",1.0,Other,VC Fundraising,2011,
Unknown,FCR Fast Change II,Directed,578,,"<[2011.0, Infinity]>",1.0,Other,VC Fundraising,2011,
Unknown,FCR F-HITEC,Directed,579,,"<[2008.0, Infinity]>",1.0,Other,VC Fundraising,2008,
Unknown,FCR Capital Criativo I,Directed,580,,"<[2011.0, Infinity]>",1.0,Other,VC Fundraising,2011,
Unknown,FCR ASK Capital,Directed,581,,"<[2011.0, Infinity]>",1.0,Other,VC Fundraising,2011,
Unknown,FCR Beta Ciências da Vida,Directed,582,,"<[2011.0, Infinity]>",1.0,Other,VC Fundraising,2011,
Unknown,FCR ASK Celta,Directed,583,,"<[2011.0, Infinity]>",1.0,Other,VC Fundraising,2011,
Unknown,FCR Beta Early Stages,Directed,584,,"<[2005.0, 2014.0]>",1.0,Other,VC Fundraising,2005,2014
Unknown,Fundo de Capital de Risco Portugal Ventures Global 2,Directed,585,,"<[2015.0, Infinity]>",1.0,Other,VC Fundraising,2015,
Unknown,Pathena SICAR,Directed,586,,"<[2012.0, Infinity]>",1.0,Other,VC Fundraising,2012,
Unknown,FCR Portugal Ventures Internacionalização,Directed,587,,"<[2011.0, Infinity]>",1.0,Other,VC Fundraising,2011,
Unknown,FCR Portugal Ventures Turismo Inovação,Directed,588,,"<[2011.0, Infinity]>",1.0,Other,VC Fundraising,2011,
Unknown,FCR Portugal Ventures Biocant,Directed,589,,"<[2011.0, Infinity]>",1.0,Other,VC Fundraising,2011,
Unknown,FCR Critical Ventures I,Directed,590,,"<[2011.0, Infinity]>",1.0,Other,VC Fundraising,2011,
Fundação Luso Americana para o Desenvolvimento (“FLAD”),FCR Beta Early Stages,Directed,591,,"<[2005.0, 2014.0]>",1.0,Other,VC Fundraising,2005,2014
AEP - Associação Empresarial de Portugal (ou entidade por si dominada),FCR Beta Early Stages,Directed,592,,"<[2005.0, 2014.0]>",1.0,Other,VC Fundraising,2005,2014
"corporate investment arms, family trusts and private individuals",FCR ESV III,Directed,593,,"<[2009.0, 2016.0]>",1.0,Other,VC Fundraising,2009,2016
"corporate investment arms, family trusts and private individuals",FCR ESV II,Directed,594,,"<[2006.0, Infinity]>",1.0,Other,VC Fundraising,2006,
F PENSOESSANTANDER,FCR F-HITEC,Directed,595,,"<[2008.0, Infinity]>",1.0,Other,VC Fundraising,2008,
"Portugal Ventures SCR, SA",FCR PV ACTEC,Directed,596,,"<[2006.0, Infinity]>",1.0,Limited Partners (LPs)/SCR´s,Management entity (or controlling entity),2006,
