From Type,From Name,Edge,To Type,To Name,Weight,starting date,ending date
Universities,"Taguspark, SA",Investment,Venture Capital Funds,FCR ISTART I,1,2011,
Other,Sindicato Nac. Quadros e Técnicos Bancários,VC Fundraising,Venture Capital Funds,FCR Portugal Ventures Universitas,1,2011,
Venture Capital Funds,Fundo ISQ Capital,Investment,Targeted companies (startups),"SPHERAA - PRODUÇÃO DE ENERGIA, LDA",1,2008,
Venture Capital Funds,Fundo ISQ Capital,Investment,Targeted companies (startups),"IBERMAROS-EQUIPAMENTOS INDUSTRIAIS, S.A.",1,2005,
Limited Partners (LPs)/SCR´s - Outside PT,Investo,Investment,Targeted companies (startups),"UNBABEL, INC.",1,2014,
Corporate,Cisco Investments,Investment,Targeted companies (startups),"VENIAM, INC.",1,2014,
Limited Partners (LPs)/SCR´s - Outside PT,Herrick Partners,Investment,Targeted companies (startups),"YDREAMS - INFORMÁTICA, S.A.",1,2006,
Corporate,"Mota­ Engil, Engenharia e Construção , S. A.",Investment,Targeted companies (startups),"BERD - PROJECTO, INVESTIGAÇÃO E ENGENHARIA DE PONTES S.A.",1,2006,
Corporate,NEUTROPLAST ­ INDÚSTRIA DE EMBALAGENS PLÁSTICAS S.A.,Investment,Targeted companies (startups),"BEYONDEVICES, S.A.",1,2015,
Corporate,Grupo EDP,Management entity (or controlling entity),Corporate,EDP Inovação,1,2005,
Corporate,Grupo EDP,Management entity (or controlling entity),Corporate,EDP Ventures SGPS,1,2005,
Corporate,Grupo EDP,Investment,Targeted companies (startups),"WINDPLUS, S.A.",1,2009,
Corporate,Grupo EDP,Investment,Targeted companies (startups),"EIDT - ENGENHARIA, INOVAÇÃO E DESENVOLVIMENTO TECNOLÓGICO, S.A.",1,2012,
Corporate,"Critical Software, S.A.",Investment,Targeted companies (startups),"CBRA GENOMICS, S.A.",1,2013,
Corporate,EDP Inovação,Investment,Targeted companies (startups),"WINDPLUS, S.A.",1,2009,
Corporate,EDP Ventures SGPS,Investment,Targeted companies (startups),"FEEDZAI - CONSULTADORIA E INOVAÇÃO TECNOLÓGICA, S.A.",1,2011,2015
Corporate,"Brisa, SA",VC Fundraising,Venture Capital Funds,FCR ISTART I,1,2011,
Corporate,"Brisa, SA",VC Fundraising,Venture Capital Funds,FCR F-HITEC,1,2008,
Corporate,SIBS,VC Fundraising,Venture Capital Funds,FCR F-HITEC,1,2008,
Limited Partners (LPs)/SCR´s - Outside PT,Verizon Ventures,Investment,Targeted companies (startups),"VENIAM, INC.",1,2014,
Limited Partners (LPs)/SCR´s - Outside PT,Cane Investments LLC,Investment,Targeted companies (startups),"VENIAM, INC.",1,2014,
Limited Partners (LPs)/SCR´s - Outside PT,Yamaha Motor Ventures,Investment,Targeted companies (startups),"VENIAM, INC.",1,2014,
Limited Partners (LPs)/SCR´s - Outside PT,Orange Digital Ventures,Investment,Targeted companies (startups),"VENIAM, INC.",1,2014,
Limited Partners (LPs)/SCR´s - Outside PT,Liberty Global Ventures,Investment,Targeted companies (startups),"VENIAM, INC.",1,2014,
Corporate,"CUF ­ Companhia União Fabril, SGPS, S.A",Investment,Targeted companies (startups),"YD YNVISIBLE, S.A.",1,2013,
Corporate,Beyond Newsgen ­ Soluções de Gestão e Personalização de Conteúdos Lda,Investment,Targeted companies (startups),"WIZI TO FIND, S.A.",1,2006,
Corporate,ENERNOVA - Novas Energias S.A.,Investment,Targeted companies (startups),"WINDPLUS, S.A.",1,2009,
Universities,ISCTE,VC Fundraising,Venture Capital Funds,FCR Portugal Ventures Universitas,1,2011,
Universities,ISCTE,Management entity (or controlling entity),Universities,BGI SA,1,2013,
Universities,Universidade do Porto,Investment,Targeted companies (startups),"SMARTWATT - ENERGY SERVICES, S.A.",1,2009,
Universities,Universidade do Porto,Investment,Targeted companies (startups),"PETSYS ELECTRONICS - MEDICAL PET DETECTORS,",1,2013,
Universities,Universidade do Porto,Investment,Targeted companies (startups),"BERD - PROJECTO, INVESTIGAÇÃO E ENGENHARIA DE PONTES S.A.",1,2006,
Universities,Universidade do Porto,Investment,Targeted companies (startups),"KINEMATIX SENSE, S.A.",1,2008,
Universities,Universidade do Porto,Investment,Targeted companies (startups),"MAGNOMICS, S.A.",1,2014,
Universities,Universidade do Porto,Investment,Targeted companies (startups),"FLUIDINOVA, S.A.",1,2005,
Universities,"Inesc ID ­ Instituto de Engenharia de Sistemas e Computadores, Investigação e Desenvolvimento",Investment,Targeted companies (startups),"COREWORKS - PROJECTOS DE CIRCUITOS E SISTEMAS ELECTRÓNICOS, S.A.",1,2006,
Universities,BGI SA,Investment,Targeted companies (startups),"VENIAM, INC.",1,2014,
Universities,BGI SA,Investment,Targeted companies (startups),"CHANGING EXPERIENCE, S.A.",1,2013,
Universities,BGI SA,Investment,Targeted companies (startups),"D-ORBIT PT, LDA",1,2014,
Universities,BGI SA,Investment,Targeted companies (startups),"MOVVO, S.A.",1,2013,
Banks,BPI,VC Fundraising,Venture Capital Funds,FCR F-HITEC,1,2008,
Banks,BPI,VC Fundraising,Limited Partners (LPs)/SCR´s - Outside PT,Pathena SICAR,1,2012,
Banks,BPI,VC Fundraising,Venture Capital Funds,FCR Portugal Ventures Turismo Inovação,1,2011,
Banks,BPI,VC Fundraising,Venture Capital Funds,FCR Portugal Ventures ACTEC II,1,2011,
Banks,BES/Novo Banco,VC Fundraising,Venture Capital Funds,FCR ISTART I,1,2011,
Banks,BES/Novo Banco,VC Fundraising,Venture Capital Funds,FCR PME / Novo Banco,1,1997,
Banks,BES/Novo Banco,VC Fundraising,Venture Capital Funds,FCR ESV Inovação & Internacionalização,1,2011,
Banks,Novo Banco (vendido SONAE IM em 2016),VC Fundraising,Venture Capital Funds,FCR ESV II,1,2006,2016
Banks,Novo Banco (vendido SONAE IM em 2016),VC Fundraising,Venture Capital Funds,FCR ESV III,1,2009,
Corporate,DST,VC Fundraising,Venture Capital Funds,FCR Minho Inovação e Internacionalização,1,2011,
Corporate,SONAE Capital,VC Fundraising,Venture Capital Funds,FCR F-HITEC,1,2008,
Corporate,INSTITUTO DE SOLDADURA E QUALIDADE,Investment,Targeted companies (startups),"SPHERAA - PRODUÇÃO DE ENERGIA, LDA",1,2008,
Corporate,PKM,VC Fundraising,Venture Capital Funds,FCR Minho Inovação e Internacionalização,1,2011,
Corporate,IMPRESA,Investment,Targeted companies (startups),"NONIUSSOFT, SOFTWARE E CONSULTORIA PARA TELECOMUNICAÇÕES, S.A.",1,2011,2015
Corporate,"CGC Centro de Genética Clínica e Patologia, S.A.",Investment,Targeted companies (startups),STEMMATTERS - BIOTECNOLOGIA E MEDICINA REGENERATIVA S.A.,1,2011,
Corporate,"Bluepharma ­ Indústria farmacêutica,S.A.",Investment,Targeted companies (startups),"TREAT U, S.A.",1,2013,
Corporate,"LUSÁGUA ­ SERVIÇOS AMBIENTAIS, S.A.",Investment,Targeted companies (startups),"SPHERAA - PRODUÇÃO DE ENERGIA, LDA",1,2008,
Corporate,REPSOL,Investment,Targeted companies (startups),"WINDPLUS, S.A.",1,2009,
Corporate,Workday Ventures,Investment,Targeted companies (startups),"UNBABEL, INC.",1,2014,
Targeted companies (startups),D­ORBIT S.R.L.,Management entity (or controlling entity),Targeted companies (startups),"D-ORBIT PT, LDA",1,2014,
Limited Partners (LPs)/SCR´s - Outside PT,Union Square Ventures,Investment,Targeted companies (startups),"VENIAM, INC.",1,2014,
Limited Partners (LPs)/SCR´s - Outside PT,Octopus Ventures,Investment,Targeted companies (startups),UNIPLACES LIMITED,1,2013,
Limited Partners (LPs)/SCR´s - Outside PT,Atomico,Investment,Targeted companies (startups),UNIPLACES LIMITED,1,2013,
Limited Partners (LPs)/SCR´s - Outside PT,True Ventures,Investment,Targeted companies (startups),"VENIAM, INC.",1,2014,
Venture Capital Funds,FCR Portugal Ventures Indústrias Criativas,Investment,Targeted companies (startups),"SCIENCE4YOU, S.A.",1,2012,
Venture Capital Funds,FCR Portugal Ventures Indústrias Criativas,Investment,Targeted companies (startups),"TUIZZI, S.A.",1,2013,
Venture Capital Funds,FCR Portugal Ventures Indústrias Criativas,Investment,Targeted companies (startups),NUTRI VENTURES CORPORATION - NVC S.A.,1,2010,
Venture Capital Funds,FCR Portugal Ventures Indústrias Criativas,Investment,Targeted companies (startups),"IM3DICAL, S.A.",1,2013,
Venture Capital Funds,FCR Portugal Ventures Indústrias Criativas,Investment,Targeted companies (startups),"GORGEOUSDETAILS, S.A. - SOCIEDADE EM LIQUIDAÇÃO",1,2013,2016
Venture Capital Funds,FCR Portugal Ventures Indústrias Criativas,Investment,Targeted companies (startups),"GLOBAL INPAKT, S.A.",1,2013,2015
Venture Capital Funds,FCR Portugal Ventures Indústrias Criativas,Investment,Targeted companies (startups),"GETSOCIAL, S.A.",1,2013,
Venture Capital Funds,FCR Portugal Ventures Indústrias Criativas,Investment,Targeted companies (startups),"GLEAM, S.A.",1,2013,
Venture Capital Funds,FCR Portugal Ventures Finicia,Investment,Targeted companies (startups),"SCIENCE4YOU, S.A.",1,2012,
Venture Capital Funds,FCR Novabase Capital,Investment,Targeted companies (startups),"POWER DATA, LDA",1,2013,
Venture Capital Funds,FCR Novabase Capital,Investment,Targeted companies (startups),"FEEDZAI - CONSULTADORIA E INOVAÇÃO TECNOLÓGICA, S.A.",1,2011,2015
Venture Capital Funds,FCR InovCapital,Investment,Targeted companies (startups),"KINEMATIX SENSE, S.A.",1,2008,
Venture Capital Funds,FCR InovCapital,Investment,Targeted companies (startups),GENE PREDIT S.A.,1,2012,
Venture Capital Funds,FCR Change Partners I,VC Fundraising,Venture Capital Funds,FCR Fast Change,1,2003,
Venture Capital Funds,Fundo de Sindicação de Capital de Risco PME – IAPMEI (“FSCR PME IAPMEI”),VC Fundraising,Venture Capital Funds,FCR Beta Early Stages,1,2005,2014
Venture Capital Funds,Fundo de Capital de Risco para Investidores Qualificados – CAPVEN NewCapital (“FIQ CAPVEN”),VC Fundraising,Venture Capital Funds,FCR Beta Early Stages,1,2005,2014
Venture Capital Funds,FCR Portugal Ventures Turismo Inovação,Investment,Targeted companies (startups),"MYGON, S.A.",1,2012,
Venture Capital Funds,FCR Portugal Ventures Turismo Inovação,Investment,Targeted companies (startups),"WEDELIVERAWESOMEAPPS, S.A.",1,2014,
Venture Capital Funds,FCR Portugal Ventures Turismo Inovação,Investment,Targeted companies (startups),"ICLIO, S.A.",1,2014,
Venture Capital Funds,FCR Portugal Ventures Turismo Inovação,Investment,Targeted companies (startups),"MAPS WITH LIFE, S.A. - EM LIQUIDAÇÃO",1,2013,2016
Venture Capital Funds,FCR Portugal Ventures Turismo Inovação,Investment,Targeted companies (startups),"FAIRWAY, MEDICAL TOURISM PORTUGAL, S.A.",1,2013,
Venture Capital Funds,FCR Portugal Ventures Turismo Inovação,Investment,Targeted companies (startups),"FRIDAY: CIÊNCIA E ENGENHARIA DO LAZER, S.A.",1,2014,
Venture Capital Funds,FCR Beta Ciências da Vida,Investment,Targeted companies (startups),"NONIUSSOFT, SOFTWARE E CONSULTORIA PARA TELECOMUNICAÇÕES, S.A.",1,2011,2015
Venture Capital Funds,FCR Beta Ciências da Vida,Investment,Targeted companies (startups),"MAGNOMICS, S.A.",1,2014,
Venture Capital Funds,FCR Beta Ciências da Vida,Investment,Targeted companies (startups),"EQUIGERMINAL, S.A.",1,2012,
Venture Capital Funds,FCR Beta Ciências da Vida,Investment,Targeted companies (startups),"HEARTGENETICS GENETICS AND BIOTECHNOLOGY, S.A.",1,2013,
Venture Capital Funds,FCR ISTART I,Investment,Targeted companies (startups),"SAKPROJECT INTERNATIONAL, S.A",1,2012,
Venture Capital Funds,FCR ISTART I,Investment,Targeted companies (startups),QAMINE LIMITED,1,2015,
Venture Capital Funds,FCR ISTART I,Investment,Targeted companies (startups),"QAMINE PORTUGAL, S.A",1,2013,
Venture Capital Funds,FCR ISTART I,Investment,Targeted companies (startups),"ECOFOOT, S.A.",1,2013,
Venture Capital Funds,FCR ISTART I,Investment,Targeted companies (startups),"LASERLEAP TECHNOLOGIES,S.A.",1,2013,
Venture Capital Funds,FCR ISTART I,Investment,Targeted companies (startups),"MUZZLEY, S.A.",1,2012,
Venture Capital Funds,FCR ISTART I,Investment,Targeted companies (startups),"FASTINOV, S.A.",1,2015,
Venture Capital Funds,FCR ISTART I,Investment,Targeted companies (startups),"EQUIGERMINAL, S.A.",1,2012,
Venture Capital Funds,FCR ISTART I,Investment,Targeted companies (startups),"HEARTGENETICS GENETICS AND BIOTECHNOLOGY, S.A.",1,2013,
Venture Capital Funds,FCR PME / Novo Banco,Investment,Targeted companies (startups),"EPEDAL, SGPS S.A.",1,2015,
Venture Capital Funds,FCR Fast Change,Investment,Targeted companies (startups),"STOPLINE FILMS - PRODUÇÃO DE AUDIOVISUAIS, LDA",1,2005,
Venture Capital Funds,FCR Fast Change,Investment,Targeted companies (startups),"CEV, S.A.",1,2007,
Venture Capital Funds,FCR Fast Change,Investment,Targeted companies (startups),"CONVERDE, S.A.",1,2012,
Venture Capital Funds,FCR Fast Change,Investment,Targeted companies (startups),CRITICAL LINKS S.A.,1,2007,
Venture Capital Funds,FCR Fast Change,Investment,Targeted companies (startups),"HOTTRADE - REPRESENTAÇÕES, GESTÃO E SERVIÇOS S.A.",1,2006,
Venture Capital Funds,FCR Fast Change,Investment,Targeted companies (startups),"FLUIDINOVA, S.A.",1,2005,
Venture Capital Funds,FCR Fast Change,Investment,Targeted companies (startups),"GUESTCENTRIC SYSTEMS, S.A.",1,2007,
Venture Capital Funds,FCR Revitalizar Centro,Investment,Targeted companies (startups),"CELL2B - ADVANCED THERAPEUTICS, S.A.",1,2012,
Venture Capital Funds,FCR Revitalizar Centro,Investment,Targeted companies (startups),"FEEDZAI - CONSULTADORIA E INOVAÇÃO TECNOLÓGICA, S.A.",1,2011,
Venture Capital Funds,FCR Portugal Ventures ACTEC II,Investment,Targeted companies (startups),"TOP RESEARCH, S.A.",1,2015,
Venture Capital Funds,FCR Portugal Ventures ACTEC II,Investment,Targeted companies (startups),THELIAL TECHNOLOGIES S.A.,1,2010,
Venture Capital Funds,FCR Portugal Ventures ACTEC II,Investment,Targeted companies (startups),"PERCEIVE3D, S.A.",1,2013,
Venture Capital Funds,FCR Portugal Ventures ACTEC II,Investment,Targeted companies (startups),"POSSIBLE ANSWER , S.A",1,2015,
Venture Capital Funds,FCR Portugal Ventures ACTEC II,Investment,Targeted companies (startups),"ZARPH, S.A.",1,2013,
Venture Capital Funds,FCR Portugal Ventures ACTEC II,Investment,Targeted companies (startups),"CHANGING EXPERIENCE, S.A.",1,2013,
Venture Capital Funds,FCR Portugal Ventures ACTEC II,Investment,Targeted companies (startups),BULLET SOLUTIONS - SISTEMAS DE INFORMAÇÃO S.A.,1,2015,
Venture Capital Funds,FCR Portugal Ventures ACTEC II,Investment,Targeted companies (startups),"MICE - MOLDS AND INJECTED COMPONENTS ENGINEERING, S.A.",1,2015,
Venture Capital Funds,FCR Portugal Ventures Biocant,Investment,Targeted companies (startups),"TREAT U, S.A.",1,2013,
Venture Capital Funds,FCR Portugal Ventures Biocant,Investment,Targeted companies (startups),"PEEK HEALTH, S.A.",1,2015,
Venture Capital Funds,FCR Portugal Ventures Biocant,Investment,Targeted companies (startups),"PERCEIVE3D, S.A.",1,2013,
Venture Capital Funds,FCR Portugal Ventures Biocant,Investment,Targeted companies (startups),"CBRA GENOMICS, S.A.",1,2013,
Venture Capital Funds,FCR Portugal Ventures Biocant,Investment,Targeted companies (startups),"IMMUNETHEP, S.A.",1,2015,
Venture Capital Funds,FCR Portugal Ventures Biocant,Investment,Targeted companies (startups),"LUZITIN, S.A.",1,2011,
Venture Capital Funds,FCR Portugal Ventures Biocant,Investment,Targeted companies (startups),GENE PREDIT S.A.,1,2012,
Venture Capital Funds,FCR Novabase Inovação e Internacionalização,Investment,Targeted companies (startups),"SMARTGEO, SOLUTIONS, LDA",1,2013,
Venture Capital Funds,FCR Novabase Inovação e Internacionalização,Investment,Targeted companies (startups),"POWER DATA, LDA",1,2013,
Venture Capital Funds,FCR Novabase Inovação e Internacionalização,Investment,Targeted companies (startups),"POWERGRID, LDA",1,2011,
Venture Capital Funds,FCR Novabase Inovação e Internacionalização,Investment,Targeted companies (startups),"RADICAL INNOVATION, LDA",1,2013,
Venture Capital Funds,FCR Novabase Inovação e Internacionalização,Investment,Targeted companies (startups),"WIZDEE-SISTEMAS DE GESTÃO DE CONHECIMENTO, S.A.",1,2014,
Venture Capital Funds,FCR Novabase Inovação e Internacionalização,Investment,Targeted companies (startups),"CITY PULSE, LDA",1,2014,
Venture Capital Funds,FCR Novabase Inovação e Internacionalização,Investment,Targeted companies (startups),"BRIGHT INNOVATION, LDA",1,2012,
Venture Capital Funds,FCR Novabase Inovação e Internacionalização,Investment,Targeted companies (startups),"DTV RESEARCH, UNIPESSOAL LDA",1,2012,2014
Venture Capital Funds,FCR Novabase Inovação e Internacionalização,Investment,Targeted companies (startups),"LIVIAN TECHNOLOGIES, LDA",1,2014,
Venture Capital Funds,FCR Critical Ventures I,Investment,Targeted companies (startups),"RETMARKER, S.A.",1,2011,
Venture Capital Funds,FCR Critical Ventures I,Investment,Targeted companies (startups),"BLUECARING - SISTEMAS DE MONITORIZAÇÃO, S.A.",1,2014,
Venture Capital Funds,FCR Critical Ventures I,Investment,Targeted companies (startups),"CBRA GENOMICS, S.A.",1,2013,
Venture Capital Funds,FCR Critical Ventures I,Investment,Targeted companies (startups),"CRITICAL MATERIALS, S.A.",1,2011,
Venture Capital Funds,FCR Portugal Ventures Valor,Investment,Targeted companies (startups),BIOSURFIT S.A.,1,2006,
Venture Capital Funds,Fundo de Capital de Risco para Investidores Qualificados PME Investimentos TIEC,Investment,Targeted companies (startups),BIOSURFIT S.A.,1,2004,
Targeted companies (startups),"FABER VENTURES, S.A.",Investment,Targeted companies (startups),"UNBABEL, INC.",1,2014,
Targeted companies (startups),"FABER VENTURES, S.A.",Investment,Targeted companies (startups),"PASSWORKS, S.A.",1,2014,
Targeted companies (startups),"FABER VENTURES, S.A.",Investment,Targeted companies (startups),"QAMINE PORTUGAL, S.A",1,2013,
Targeted companies (startups),"FABER VENTURES, S.A.",Investment,Targeted companies (startups),QAMINE LIMITED,1,2015,
Targeted companies (startups),"FABER VENTURES, S.A.",Investment,Targeted companies (startups),"YOUNGSTORIES, S.A.",1,2013,
Targeted companies (startups),"FABER VENTURES, S.A.",Investment,Targeted companies (startups),"CHIC BY CHOICE, S.A.",1,2014,
Targeted companies (startups),"FABER VENTURES, S.A.",Investment,Targeted companies (startups),"ALTURA PUBLISHING, S.A.",1,2014,
Targeted companies (startups),"FABER VENTURES, S.A.",Investment,Targeted companies (startups),"LIQUID DATA INTELLIGENCE, S.A.",1,2014,
Targeted companies (startups),"FABER VENTURES, S.A.",Investment,Targeted companies (startups),"GLEAM, S.A.",1,2013,
Targeted companies (startups),"FABER VENTURES, S.A.",Investment,Targeted companies (startups),"GETSOCIAL, S.A.",1,2013,
Targeted companies (startups),ALFAMA INC.,Investment,Targeted companies (startups),ALFAMA - INVESTIGAÇÃO E DESENVOLVIMENTO DE PRODUTOS FARMACÊUTICOS LDA,1,2013,2014
Venture Capital Funds,FCR FAI Energias,Investment,Targeted companies (startups),"WINDPLUS, S.A.",1,2009,
Venture Capital Funds,PME Investimentos – Sociedade de Investimento S.A.,Management entity (or controlling entity),Venture Capital Funds,Fundo de Sindicação de Capital de Risco PME – IAPMEI (“FSCR PME IAPMEI”),1,2003,
Venture Capital Funds,Fundo de Capital de Risco Portugal Ventures,Investment,Targeted companies (startups),"MAGNOMICS, S.A.",1,2014,2014
Venture Capital Funds,Fundo de Capital de Risco Portugal Ventures,Investment,Targeted companies (startups),"MAGNOMICS, S.A.",1,1993,2014
Venture Capital Funds,Oxy Capital Fundo Mezzanine,Investment,Targeted companies (startups),"NONIUSSOFT, SOFTWARE E CONSULTORIA PARA TELECOMUNICAÇÕES, S.A.",1,2015,
Venture Capital Funds,FCR Portugal Ventures,Investment,Targeted companies (startups),"PROCESSWARE - SOLUÇÕES INFORMÁTICAS, S.A.",1,2014,
Venture Capital Funds,FCR Revitalizar Norte,Investment,Targeted companies (startups),NMUSIC S.A.,1,2013,
Venture Capital Funds,FCR ESV III,Investment,Targeted companies (startups),SafetyPay,1,2008,
Venture Capital Funds,FCR ESV III,Investment,Targeted companies (startups),Spectrum Bridge,1,2008,
Venture Capital Funds,FCR ESV III,Investment,Targeted companies (startups),Ubiquity Global Services,1,2012,
Venture Capital Funds,FCR ESV III,Investment,Targeted companies (startups),"NUTRIGREEN, S.A.",1,2009,
Venture Capital Funds,FCR ESV III,Investment,Targeted companies (startups),Petra Systems,1,2010,
Venture Capital Funds,FCR ESV III,Investment,Targeted companies (startups),"QAMINE PORTUGAL, S.A",1,2013,
Venture Capital Funds,FCR ESV III,Investment,Targeted companies (startups),Watson Brown,1,2008,
Venture Capital Funds,FCR ESV III,Investment,Targeted companies (startups),"DOMATICA ­ GLOBAL SOLUTIONS, S.A.",1,2011,
Venture Capital Funds,FCR ESV III,Investment,Targeted companies (startups),Current,1,2011,2013
Venture Capital Funds,FCR ESV III,Investment,Targeted companies (startups),A123Systems,1,2009,2012
Venture Capital Funds,FCR ESV III,Investment,Targeted companies (startups),"ADVANCED CYCLONE SYSTEMS, S.A.",1,2009,
Venture Capital Funds,FCR ESV III,Investment,Targeted companies (startups),JDCPhosphate,1,2012,
Venture Capital Funds,FCR ESV III,Investment,Targeted companies (startups),"MUZZLEY, S.A.",1,2012,
Venture Capital Funds,FCR ESV III,Investment,Targeted companies (startups),"MUZZLEY, S.A.",1,2012,
Venture Capital Funds,FCR ESV III,Investment,Targeted companies (startups),"MUZZLEY, S.A.",1,2012,
Venture Capital Funds,FCR ESV III,Investment,Targeted companies (startups),MAGPOWER - SOLUÇÕES DE ENERGIA S.A.,1,2011,
Venture Capital Funds,FCR Fast Change II,Investment,Targeted companies (startups),STREAMBOLICO S.A.,1,2013,
Venture Capital Funds,FCR Fast Change II,Investment,Targeted companies (startups),"SWORD HEALTH, S.A",1,2014,
Venture Capital Funds,FCR Fast Change II,Investment,Targeted companies (startups),"CELL2B - ADVANCED THERAPEUTICS, S.A.",1,2012,
Venture Capital Funds,FCR Fast Change II,Investment,Targeted companies (startups),"EIDT - ENGENHARIA, INOVAÇÃO E DESENVOLVIMENTO TECNOLÓGICO, S.A.",1,2012,
Venture Capital Funds,FCR Fast Change II,Investment,Targeted companies (startups),"CONVERDE, S.A.",1,2012,
Venture Capital Funds,FCR Fast Change II,Investment,Targeted companies (startups),"5ENSESINFOOD, S.A.",1,2013,
Venture Capital Funds,FCR Fast Change II,Investment,Targeted companies (startups),"BIOMODE 2, S.A.",1,2014,
Venture Capital Funds,FCR Fast Change II,Investment,Targeted companies (startups),"EXOGENUS THERAPEUTICS, S.A.",1,2015,
Venture Capital Funds,Fundo de Capital de Risco Portugal Ventures Global 2,Investment,Targeted companies (startups),"SCIENCE4YOU, S.A.",1,2012,
Venture Capital Funds,Fundo de Capital de Risco Portugal Ventures Global 2,Investment,Targeted companies (startups),"BRIGHTWIZARD, S.A",1,2015,
Venture Capital Funds,Fundo de Capital de Risco Portugal Ventures Global 2,Investment,Targeted companies (startups),"BICA STUDIOS, S.A.",1,2015,
Venture Capital Funds,FCR Empreender Mais,VC Fundraising,Venture Capital Funds,FCR Portugal Ventures Universitas,1,2011,
Venture Capital Funds,FCR Empreender Mais,Investment,Targeted companies (startups),STEMMATTERS - BIOTECNOLOGIA E MEDICINA REGENERATIVA S.A.,1,2011,
Venture Capital Funds,FCR Empreender Mais,Investment,Targeted companies (startups),"NONIUSSOFT, SOFTWARE E CONSULTORIA PARA TELECOMUNICAÇÕES, S.A.",1,2011,2015
Venture Capital Funds,FCR Empreender Mais,Investment,Targeted companies (startups),"CHANGING EXPERIENCE, S.A.",1,2013,
Venture Capital Funds,FCR Empreender Mais,Investment,Targeted companies (startups),BIOSURFIT S.A.,1,2006,
Venture Capital Funds,FCR Empreender Mais,Investment,Targeted companies (startups),"MOVVO, S.A.",1,2011,
Venture Capital Funds,FCR Empreender Mais,Investment,Targeted companies (startups),"GUESTCENTRIC SYSTEMS, S.A.",1,2007,
Venture Capital Funds,FCR Caixa Tech Transfer Accelerator Ventures,Investment,Targeted companies (startups),"PLUX - WIRELESS BIOSIGNALS, S.A.",1,2011,
Venture Capital Funds,FCR Caixa Tech Transfer Accelerator Ventures,Investment,Targeted companies (startups),"CHANGING EXPERIENCE, S.A.",1,2013,
Venture Capital Funds,FCR Caixa Tech Transfer Accelerator Ventures,Investment,Targeted companies (startups),"BIOMIMETX,S.A.",1,2015,
Venture Capital Funds,FCR Beta Early Stages,Investment,Targeted companies (startups),"CRIVO INVESTIGAÇÃO APLICADA, S.A.",1,2008,
Venture Capital Funds,FCR Beta Early Stages,Investment,Targeted companies (startups),BIOSURFIT S.A.,1,2006,
Venture Capital Funds,Fundo de Sindicação de Capital de Risco PME ­IAPMEI,Investment,Targeted companies (startups),BIOSURFIT S.A.,1,2006,
Venture Capital Funds,FCR Capital Criativo I,Investment,Targeted companies (startups),"USC INTERNACIONAL, S.A.",1,2011,
Venture Capital Funds,FCR Capital Criativo I,Investment,Targeted companies (startups),"CARDMOBILI DESENVOLVIMENTO DE SOFTWARE, S.A.",1,2013,
Venture Capital Funds,FCR Capital Criativo I,Investment,Targeted companies (startups),E.A.D. - EMPRESA DE ARQUIVO DE DOCUMENTAÇÃO S.A.,1,2014,
Venture Capital Funds,FCR Capital Criativo I,Investment,Targeted companies (startups),"CORTEX INTELLIGENCE TECNOLOGIA, LDA",1,2012,
Venture Capital Funds,FCR Capital Criativo I,Investment,Targeted companies (startups),BALFLEX PORTUGAL - COMPONENTES HIDRÁULICOS E INDUSTRIAIS S.A.,1,2014,
Venture Capital Funds,FCR Capital Criativo I,Investment,Targeted companies (startups),LIVE CONTENT S.A,1,2011,2014
Venture Capital Funds,FCR Capital Criativo I,Investment,Targeted companies (startups),"ISA - INTELLIGENT SENSING ANYWHERE, S.A.",1,2011,
Venture Capital Funds,FCR Capital Criativo I,Investment,Targeted companies (startups),"GO BIZ, VIAGENS E TURISMO, S.A.",1,2012,
Venture Capital Funds,FCR ESV Inovação & Internacionalização,Investment,Targeted companies (startups),"SAKPROJECT INTERNATIONAL, S.A",1,2012,
Venture Capital Funds,FCR ESV Inovação & Internacionalização,Investment,Targeted companies (startups),"STOCK BEATS, S.A.",1,2014,
Venture Capital Funds,FCR ESV Inovação & Internacionalização,Investment,Targeted companies (startups),NUTRI VENTURES CORPORATION - NVC S.A.,1,2010,
Venture Capital Funds,FCR ESV Inovação & Internacionalização,Investment,Targeted companies (startups),"BW - BRIDGES WORLDWIDE HOLDING, SGPS, S.A.",1,2011,
Venture Capital Funds,FCR ESV Inovação & Internacionalização,Investment,Targeted companies (startups),"BERD - PROJECTO, INVESTIGAÇÃO E ENGENHARIA DE PONTES S.A.",1,2006,
Venture Capital Funds,FCR ESV Inovação & Internacionalização,Investment,Targeted companies (startups),"HEARTGENETICS GENETICS AND BIOTECHNOLOGY, S.A.",1,2013,
Venture Capital Funds,FCR ESV Inovação & Internacionalização,Investment,Targeted companies (startups),"LUSOEDUC - INFORMAÇÃO E SERVIÇOS, S.A.",1,2012,
Venture Capital Funds,FCR ESV Inovação & Internacionalização,Investment,Targeted companies (startups),"FEEDZAI - CONSULTADORIA E INOVAÇÃO TECNOLÓGICA, S.A.",1,2011,
Venture Capital Funds,Fundo de Capital de Risco AICEP­ Capital Global Grande Projectos de Investimento,Investment,Targeted companies (startups),"BERD - PROJECTO, INVESTIGAÇÃO E ENGENHARIA DE PONTES S.A.",1,2006,
Venture Capital Funds,Fundo de Capital de Risco AICEP Capital Global III,Investment,Targeted companies (startups),"BERD - PROJECTO, INVESTIGAÇÃO E ENGENHARIA DE PONTES S.A.",1,2006,
Venture Capital Funds,Fundo de Capital de Risco Dinamização Turística,Investment,Targeted companies (startups),"BGUESTNOW, S.A.",1,2015,
Venture Capital Funds,Fundo de Capital de Risco Dinamização Turística,Investment,Targeted companies (startups),"INDIE CAMPERS, S.A.",1,2015,
Venture Capital Funds,Fundo de Capital de Risco Dinamização Turística,Investment,Targeted companies (startups),"EXCITING SPACE, S.A.",1,2015,
Venture Capital Funds,FCR Portugal Ventures Early Stages,Investment,Targeted companies (startups),STREAMBOLICO S.A.,1,2013,
Venture Capital Funds,FCR Portugal Ventures Early Stages,Investment,Targeted companies (startups),"PETSYS ELECTRONICS - MEDICAL PET DETECTORS,",1,2013,
Venture Capital Funds,FCR Portugal Ventures Early Stages,Investment,Targeted companies (startups),"YOUNGSTORIES, S.A.",1,2013,
Venture Capital Funds,FCR Portugal Ventures Early Stages,Investment,Targeted companies (startups),"WHIZZTEK, S.A. - EM LIQUIDAÇÃO",1,2014,2015
Venture Capital Funds,FCR Portugal Ventures Early Stages,Investment,Targeted companies (startups),"WEBANKOR, S.A.",1,2013,
Venture Capital Funds,FCR Portugal Ventures Early Stages,Investment,Targeted companies (startups),"CUBO ENVIRONMENTAL TECHNOLOGIES, S.A.",1,2015,
Venture Capital Funds,FCR Portugal Ventures Early Stages,Investment,Targeted companies (startups),"AMANHÃ GLOBAL, S.A.",1,2014,
Venture Capital Funds,FCR Portugal Ventures Early Stages,Investment,Targeted companies (startups),"LIQUID DATA INTELLIGENCE, S.A.",1,2014,
Venture Capital Funds,FCR Portugal Ventures Early Stages,Investment,Targeted companies (startups),MORNING HEROES S.A.,1,2015,
Venture Capital Funds,FCR Portugal Ventures Early Stages,Investment,Targeted companies (startups),"GREENFIBER TECH, S.A.",1,2013,
Venture Capital Funds,FCR Portugal Ventures Internacionalização,Investment,Targeted companies (startups),"SCIENCE4YOU, S.A.",1,2012,
Venture Capital Funds,FCR Portugal Ventures Internacionalização,Investment,Targeted companies (startups),"SHIFTFORWARD, S.A.",1,2014,
Venture Capital Funds,FCR Portugal Ventures Internacionalização,Investment,Targeted companies (startups),"TUIZZI, S.A.",1,2013,
Venture Capital Funds,FCR Portugal Ventures Internacionalização,Investment,Targeted companies (startups),NUTRI VENTURES CORPORATION - NVC S.A.,1,2010,
Venture Capital Funds,FCR Portugal Ventures Internacionalização,Investment,Targeted companies (startups),"WIZDEE-SISTEMAS DE GESTÃO DE CONHECIMENTO, S.A.",1,2014,
Venture Capital Funds,FCR Portugal Ventures Internacionalização,Investment,Targeted companies (startups),"APTOIDE, S.A.",1,2013,
Venture Capital Funds,FCR Portugal Ventures Internacionalização,Investment,Targeted companies (startups),"BLOOMERS, S.A.",1,2015,
Venture Capital Funds,FCR Portugal Ventures Internacionalização,Investment,Targeted companies (startups),"BEYONDEVICES, S.A.",1,2015,
Venture Capital Funds,FCR Portugal Ventures Internacionalização,Investment,Targeted companies (startups),"JSCRAMBLER, S.A.",1,2013,
Venture Capital Funds,FCR Portugal Ventures Internacionalização,Investment,Targeted companies (startups),"KINEMATIX SENSE, S.A.",1,2008,
Venture Capital Funds,FCR Portugal Ventures Internacionalização,Investment,Targeted companies (startups),"KINEMATIX SENSE, S.A.",1,2008,
Venture Capital Funds,FCR Portugal Ventures Internacionalização,Investment,Targeted companies (startups),"KINEMATIX SENSE, S.A.",1,2008,
Venture Capital Funds,FCR Portugal Ventures Internacionalização,Investment,Targeted companies (startups),"MOODOPTIC, S.A.",1,2014,
Venture Capital Funds,FCR Portugal Ventures Internacionalização,Investment,Targeted companies (startups),"EPEDAL, SGPS S.A.",1,2015,
Venture Capital Funds,FCR Portugal Ventures Internacionalização,Investment,Targeted companies (startups),"GRAPHENEST, S.A.",1,2015,
Venture Capital Funds,FCR Portugal Ventures Universitas,Investment,Targeted companies (startups),"PASSWORKS, S.A.",1,2014,
Venture Capital Funds,FCR Portugal Ventures Universitas,Investment,Targeted companies (startups),"PETSYS ELECTRONICS - MEDICAL PET DETECTORS,",1,2013,
Venture Capital Funds,FCR Portugal Ventures Universitas,Investment,Targeted companies (startups),"PEPFEED, S,A",1,2015,
Venture Capital Funds,FCR Portugal Ventures Universitas,Investment,Targeted companies (startups),"YOUNGSTORIES, S.A.",1,2013,
Venture Capital Funds,FCR Portugal Ventures Universitas,Investment,Targeted companies (startups),"APTOIDE, S.A.",1,2013,
Venture Capital Funds,FCR Portugal Ventures Universitas,Investment,Targeted companies (startups),"BABYBOOK, S.A.",1,2014,
Venture Capital Funds,FCR Portugal Ventures Universitas,Investment,Targeted companies (startups),"FUNCTIONAL ENVIROMICS TECHNOLOGIES, S.A.",1,2013,
Venture Capital Funds,FCR ESV II,Investment,Targeted companies (startups),"SOUSACAMP, SGPS S.A.",1,2007,
Venture Capital Funds,FCR ESV II,Investment,Targeted companies (startups),Superbac,1,2007,
Venture Capital Funds,FCR ESV II,Investment,Targeted companies (startups),Ultracell,1,2009,
Venture Capital Funds,FCR ESV II,Investment,Targeted companies (startups),TxVia,1,2009,2012
Venture Capital Funds,FCR ESV II,Investment,Targeted companies (startups),Nanosolar,1,2006,
Venture Capital Funds,FCR ESV II,Investment,Targeted companies (startups),Ophtalmopharma,1,2007,
Venture Capital Funds,FCR ESV II,Investment,Targeted companies (startups),Oceanlinx,1,2008,
Venture Capital Funds,FCR ESV II,Investment,Targeted companies (startups),"OUTSYSTEMS - SOFTWARE EM REDE, S.A.",1,2007,
Venture Capital Funds,FCR ESV II,Investment,Targeted companies (startups),Prepaid Media,1,2005,
Venture Capital Funds,FCR ESV II,Investment,Targeted companies (startups),"YDREAMS - INFORMÁTICA, S.A.",1,2006,
Venture Capital Funds,FCR ESV II,Investment,Targeted companies (startups),"YD YNVISIBLE, S.A.",1,2013,
Venture Capital Funds,FCR ESV II,Investment,Targeted companies (startups),"COREWORKS - PROJECTOS DE CIRCUITOS E SISTEMAS ELECTRÓNICOS, S.A.",1,2006,
Venture Capital Funds,FCR ESV II,Investment,Targeted companies (startups),Atraverda,1,2007,
Venture Capital Funds,FCR ESV II,Investment,Targeted companies (startups),AquaSpy,1,2007,
Venture Capital Funds,FCR ESV II,Investment,Targeted companies (startups),"AUGRPUBLISHER, S.A",1,2014,
Venture Capital Funds,FCR ESV II,Investment,Targeted companies (startups),Iosil Energy,1,2012,
Venture Capital Funds,FCR ESV II,Investment,Targeted companies (startups),"HEARTGENETICS GENETICS AND BIOTECHNOLOGY, S.A.",1,2013,
Venture Capital Funds,FCR ESV II,Investment,Targeted companies (startups),"FEEDZAI - CONSULTADORIA E INOVAÇÃO TECNOLÓGICA, S.A.",1,2011,
Venture Capital Funds,FCR ESV II,Investment,Targeted companies (startups),"GLOBAL ACTIVE, GESTÃO DE PARTICIPAÇÕES SOCIAIS, SGPS S.A.",1,2006,
Venture Capital Funds,FCR FIAEA ­ Fundo de Investimento de Apoio ao Empreendorismo dos Açores,Investment,Targeted companies (startups),"ASINUS ATLANTICUS, S.A.",1,2014,
Venture Capital Funds,FCR ASK Celta,Investment,Targeted companies (startups),"TORBEL, S.A.",1,2014,
Venture Capital Funds,FCR ASK Celta,Investment,Targeted companies (startups),"PETAPILOT, S.A.",1,2015,
Venture Capital Funds,FCR ASK Celta,Investment,Targeted companies (startups),"ATP- ATLÂNTICO TRADE PARTNERS - IMPORTAÇÃO E EXPORTAÇÃO DE PRODUTOS ALIMENTARES, LDA",1,2011,
Venture Capital Funds,FCR ASK Celta,Investment,Targeted companies (startups),"GUM CHEMICAL SOLUTIONS, S.A.",1,2015,
Venture Capital Funds,FCR PV ACTEC,VC Fundraising,Venture Capital Funds,FCR Portugal Ventures ACTEC II,1,2011,2014
Venture Capital Funds,FCR PV ACTEC,Investment,Targeted companies (startups),"OMNIFLOW, S.A",1,2012,2014
Venture Capital Funds,FCR PV ACTEC,Investment,Targeted companies (startups),PHARMA73 S.A.,1,2011,2014
Venture Capital Funds,FCR PV ACTEC,Investment,Targeted companies (startups),"XHOCKWARE, S.A.",1,2014,2014
Venture Capital Funds,FCR PV ACTEC,Investment,Targeted companies (startups),"ABYSSAL, S.A.",1,2012,2014
Venture Capital Funds,FCR PV ACTEC,Investment,Targeted companies (startups),"BIOMODE - BIOMOLECULAR DETERMINATION, S.A.",1,2011,2014
Venture Capital Funds,FCR PV ACTEC,Investment,Targeted companies (startups),"LYMPHACT - LYMPHOCYTE ACTIVATION TECHNOLOGIES, S.A.",1,2013,2014
Venture Capital Funds,FCR Minho Inovação e Internacionalização,Investment,Targeted companies (startups),"SPHERE ULTRAFAST PHOTONICS, S.A.",1,2014,
Venture Capital Funds,FCR Minho Inovação e Internacionalização,Investment,Targeted companies (startups),"TOP RESEARCH, S.A.",1,2015,
Venture Capital Funds,FCR Minho Inovação e Internacionalização,Investment,Targeted companies (startups),"WATT-IS, S.A.",1,2015,
Venture Capital Funds,FCR Minho Inovação e Internacionalização,Investment,Targeted companies (startups),WISE CONNECT S.A.,1,2014,
Venture Capital Funds,FCR Minho Inovação e Internacionalização,Investment,Targeted companies (startups),"DOCTORGUMMY, LDA",1,2014,
Venture Capital Funds,FCR Minho Inovação e Internacionalização,Investment,Targeted companies (startups),"ADDVOLT, S.A.",1,2014,
Venture Capital Funds,FCR Minho Inovação e Internacionalização,Investment,Targeted companies (startups),"BIOMODE 2, S.A.",1,2014,
Venture Capital Funds,FCR Minho Inovação e Internacionalização,Investment,Targeted companies (startups),"MOBIQUEUE, S.A.",1,2014,
Venture Capital Funds,FCR Minho Inovação e Internacionalização,Investment,Targeted companies (startups),FÓRMULA DA AVÓ - LDA,1,2013,
Venture Capital Funds,Fundo de Capital de Risco Portugal Ventures Valor 2,Investment,Targeted companies (startups),"MUZZLEY, S.A.",1,2012,
Venture Capital Funds,Fundo de Capital de Risco Portugal Ventures Valor 2,Investment,Targeted companies (startups),"BYCLOSURE, S.A.",1,2015,
Venture Capital Funds,Fundo de Capital de Risco Portugal Ventures Valor 2,Investment,Targeted companies (startups),"ALTURA PUBLISHING, S.A.",1,2014,
Venture Capital Funds,Fundo de Capital de Risco Portugal Ventures Valor 2,Investment,Targeted companies (startups),"ADFAMILIES PUBLICIDADE, S.A.",1,2015,
Venture Capital Funds,Fundo de Capital de Risco Portugal Ventures Valor 2,Investment,Targeted companies (startups),"IMMUNETHEP, S.A.",1,2015,
Venture Capital Funds,FCR ASK Capital,Investment,Targeted companies (startups),"TURFLYNX, LDA",1,2014,
Venture Capital Funds,FCR ASK Capital,Investment,Targeted companies (startups),"ECT - BUSINESS OPORTUNITY, COMPRA E VENDA DE VIATURAS, LDA",1,2014,
Venture Capital Funds,FCR ASK Capital,Investment,Targeted companies (startups),"ALTAKITIN, S.A.",1,2011,
Venture Capital Funds,FCR ASK Capital,Investment,Targeted companies (startups),"BABYBOOK, S.A.",1,2014,
Venture Capital Funds,FCR ASK Capital,Investment,Targeted companies (startups),"GREENFIBER TECH, S.A.",1,2013,
SPV´s,"SharkAB ­ Consultores, Lda",Investment,Targeted companies (startups),"CELL2B - ADVANCED THERAPEUTICS, S.A.",1,2012,
SPV´s,Magnum Capital Partners,Investment,Targeted companies (startups),"CELL2B - ADVANCED THERAPEUTICS, S.A.",1,2012,
SPV´s,"Busy Angels, SGPS",Investment,Targeted companies (startups),"SAKPROJECT INTERNATIONAL, S.A",1,2012,
SPV´s,"Busy Angels, SGPS",Investment,Targeted companies (startups),"ZUVI NOVA, S.A.",1,2011,
SPV´s,"Busy Angels, SGPS",Investment,Targeted companies (startups),"YOUNGSTORIES, S.A.",1,2013,
SPV´s,"Busy Angels, SGPS",Investment,Targeted companies (startups),"WEBANKOR, S.A.",1,2013,
SPV´s,"Busy Angels, SGPS",Investment,Targeted companies (startups),"XHOCKWARE, S.A.",1,2014,
SPV´s,"Busy Angels, SGPS",Investment,Targeted companies (startups),"LASERLEAP TECHNOLOGIES,S.A.",1,2013,
SPV´s,"Busy Angels, SGPS",Investment,Targeted companies (startups),"ICLIO, S.A.",1,2014,
SPV´s,"Busy Angels, SGPS",Investment,Targeted companies (startups),"LUSOEDUC - INFORMAÇÃO E SERVIÇOS, S.A.",1,2012,
SPV´s,"Busy Angels, SGPS",Investment,Targeted companies (startups),"LYMPHACT - LYMPHOCYTE ACTIVATION TECHNOLOGIES, S.A.",1,2013,
SPV´s,"Busy Angels, SGPS",Investment,Targeted companies (startups),"FASTINOV, S.A.",1,2015,
SPV´s,"Busy Angels, SGPS",Investment,Targeted companies (startups),"FAIRWAY, MEDICAL TOURISM PORTUGAL, S.A.",1,2013,
SPV´s,"Busy Angels, SGPS",Investment,Targeted companies (startups),"FABER VENTURES, S.A.",1,2013,
SPV´s,"Gegnum ­Gestão e Investimentod, lda",Investment,Targeted companies (startups),"BIOMODE 2, S.A.",1,2014,
SPV´s,"Intercapital ­Investimento e Gestão de Activos, S.A.",Investment,Targeted companies (startups),"PLUX - WIRELESS BIOSIGNALS, S.A.",1,2011,
SPV´s,"Intercapital ­Investimento e Gestão de Activos, S.A.",Investment,Targeted companies (startups),"CHANGING EXPERIENCE, S.A.",1,2013,
SPV´s,"Intercapital ­Investimento e Gestão de Activos, S.A.",Investment,Targeted companies (startups),"BIOMIMETX,S.A.",1,2015,
SPV´s,"Binteractive, Lda",Investment,Targeted companies (startups),"AUGRPUBLISHER, S.A",1,2014,
SPV´s,"Faber Investments,SGPS",Investment,Targeted companies (startups),"ALTURA PUBLISHING, S.A.",1,2014,
SPV´s,BrainInvest,Investment,Targeted companies (startups),"5ENSESINFOOD, S.A.",1,2013,
SPV´s,"IA - FCI Ciências da Vida SGPS, SA",Investment,Targeted companies (startups),"5ENSESINFOOD, S.A.",1,2013,
SPV´s,"IA - FCI Ciências da Vida SGPS, SA",Investment,Targeted companies (startups),"BIOMODE 2, S.A.",1,2014,
SPV´s,"Tagus Innovation for Growth SGPS, SA",Investment,Targeted companies (startups),"FABER VENTURES, S.A.",1,2013,
SPV´s,"TEX Risco, SGPS, SA",Investment,Targeted companies (startups),"ECOFOOT, S.A.",1,2013,
SPV´s,"A2B, SGPS",Investment,Targeted companies (startups),"EQUIGERMINAL, S.A.",1,2012,
SPV´s,"Capital Disperso, LDA",Investment,Targeted companies (startups),"DOCTORGUMMY, LDA",1,2014,
SPV´s,Vallis Sustainable Investments I,Investment,Targeted companies (startups),"DOCTORGUMMY, LDA",1,2014,
SPV´s,Critical SGPS (holding),Investment,Targeted companies (startups),"WFSW, S.A.",1,2012,
SPV´s,Critical SGPS (holding),Investment,Targeted companies (startups),CRITICAL LINKS S.A.,1,2007,
SPV´s,"Fast Sharks Invest, LDA",Investment,Targeted companies (startups),"DOCTORGUMMY, LDA",1,2014,
SPV´s,"The Edge, SGPS S.A",Investment,Targeted companies (startups),"CHIC BY CHOICE, S.A.",1,2014,
SPV´s,"SMARTEQUITY SGPS, LDA",Investment,Targeted companies (startups),"CHANGING EXPERIENCE, S.A.",1,2013,
SPV´s,"Vallis ­ SGPS, S.A.",Management entity (or controlling entity),SPV´s,Vallis Sustainable Investments I,1,2011,
SPV´s,"Vallis ­ SGPS, S.A.",Investment,Targeted companies (startups),"CELL2B - ADVANCED THERAPEUTICS, S.A.",1,2012,
SPV´s,"Shilling Capital Partners, SGPS, Lda",Investment,Targeted companies (startups),"YOUNGSTORIES, S.A.",1,2013,
SPV´s,"Shilling Capital Partners, SGPS, Lda",Investment,Targeted companies (startups),UNIPLACES LIMITED,1,2013,
SPV´s,"Shilling Capital Partners, SGPS, Lda",Investment,Targeted companies (startups),"UNBABEL, INC.",1,2014,
SPV´s,"Shilling Capital Partners, SGPS, Lda",Investment,Targeted companies (startups),"UNIVERSITYPLACES, SERVIÇOS DE INTERNET, LDA",1,2012,
SPV´s,"Shilling Capital Partners, SGPS, Lda",Investment,Targeted companies (startups),"CELL2B - ADVANCED THERAPEUTICS, S.A.",1,2012,
SPV´s,"Shilling Capital Partners, SGPS, Lda",Investment,Targeted companies (startups),"FABER VENTURES, S.A.",1,2013,
Targeted companies (startups),"VENIAM, INC.",Management entity (or controlling entity),Targeted companies (startups),"VENIAM, UNIPESSOAL LDA",1,2012,
Targeted companies (startups),UNIPLACES LIMITED,Investment,Targeted companies (startups),"UNIVERSITYPLACES, SERVIÇOS DE INTERNET, LDA",1,2012,
Targeted companies (startups),"YDREAMS - INFORMÁTICA, S.A.",Investment,Targeted companies (startups),"YD YNVISIBLE, S.A.",1,2013,
SPV´s,Brains2Market,Investment,Targeted companies (startups),"ZUVI NOVA, S.A.",1,2011,
SPV´s,"Talent Minds,Lda",Investment,Targeted companies (startups),"ZARPH, S.A.",1,2013,
Limited Partners (LPs)/SCR´s,"Caixa Capital SCR, SA",VC Fundraising,Venture Capital Funds,FCR ISTART I,1,2011,
Limited Partners (LPs)/SCR´s,"Caixa Capital SCR, SA",VC Fundraising,Venture Capital Funds,FCR F-HITEC,1,2008,
Limited Partners (LPs)/SCR´s,"Caixa Capital SCR, SA",VC Fundraising,Venture Capital Funds,FCR Empreender Mais,1,2009,
Limited Partners (LPs)/SCR´s,"Caixa Capital SCR, SA",VC Fundraising,Venture Capital Funds,FCR Caixa Tech Transfer Accelerator Ventures,1,2015,
Limited Partners (LPs)/SCR´s,"Caixa Capital SCR, SA",Investment,Targeted companies (startups),"SMARTWATT - ENERGY SERVICES, S.A.",1,2009,
Limited Partners (LPs)/SCR´s,"Caixa Capital SCR, SA",Investment,Targeted companies (startups),Orankl,1,2014,
Limited Partners (LPs)/SCR´s,"Caixa Capital SCR, SA",Investment,Targeted companies (startups),QAMINE LIMITED,1,2015,
Limited Partners (LPs)/SCR´s,"Caixa Capital SCR, SA",Management entity (or controlling entity),Venture Capital Funds,FCR Caixa Tech Transfer Accelerator Ventures,1,2015,
Limited Partners (LPs)/SCR´s,"Caixa Capital SCR, SA",Management entity (or controlling entity),Venture Capital Funds,FCR Empreender Mais,1,2009,
Limited Partners (LPs)/SCR´s,"Caixa Capital SCR, SA",Investment,Targeted companies (startups),"UNBABEL, INC.",1,2014,
Limited Partners (LPs)/SCR´s,"Caixa Capital SCR, SA",Investment,Targeted companies (startups),"VENIAM, INC.",1,2014,
Limited Partners (LPs)/SCR´s,"Caixa Capital SCR, SA",Investment,Targeted companies (startups),UNIPLACES LIMITED,1,2013,
Limited Partners (LPs)/SCR´s,"Caixa Capital SCR, SA",Investment,Targeted companies (startups),"D-ORBIT PT, LDA",1,2014,
Limited Partners (LPs)/SCR´s,"Caixa Capital SCR, SA",Investment,Targeted companies (startups),"ALLIS UBBO INFORMATION SYSTEMS, LDA",1,2015,
Limited Partners (LPs)/SCR´s,"Caixa Capital SCR, SA",Investment,Targeted companies (startups),Farfetch UK Limited,1,2005,
Limited Partners (LPs)/SCR´s,"Caixa Capital SCR, SA",Investment,Targeted companies (startups),"EXOGENUS THERAPEUTICS, S.A.",1,2015,
Limited Partners (LPs)/SCR´s,"Portugal Ventures SCR, SA",Investment,Targeted companies (startups),"FOLLOWPRICE, S.A.",1,2015,
Limited Partners (LPs)/SCR´s,"Portugal Ventures SCR, SA",Investment,Targeted companies (startups),"FOLLOW INSPIRATION, S.A.",1,2014,
Limited Partners (LPs)/SCR´s,"Portugal Ventures SCR, SA",Investment,Targeted companies (startups),GENIBET BIOPHARMACEUTICALS S.A.,1,2006,
Limited Partners (LPs)/SCR´s,"Portugal Ventures SCR, SA",Investment,Targeted companies (startups),"GUESTCENTRIC SYSTEMS, S.A.",1,2007,
Limited Partners (LPs)/SCR´s,"Portugal Ventures SCR, SA",Investment,Targeted companies (startups),"LYMPHACT - LYMPHOCYTE ACTIVATION TECHNOLOGIES, S.A.",1,2014,
Limited Partners (LPs)/SCR´s,"Portugal Ventures SCR, SA",Investment,Targeted companies (startups),"MAGNOMICS, S.A.",1,2014,
Limited Partners (LPs)/SCR´s,"Portugal Ventures SCR, SA",Investment,Targeted companies (startups),INVINE,1,2015,
Limited Partners (LPs)/SCR´s,"Portugal Ventures SCR, SA",Investment,Targeted companies (startups),BIOSURFIT S.A.,1,2004,
Limited Partners (LPs)/SCR´s,"Portugal Ventures SCR, SA",Investment,Targeted companies (startups),BitSight Technologies,1,2015,
Limited Partners (LPs)/SCR´s,"Portugal Ventures SCR, SA",Investment,Targeted companies (startups),BIOTREND - INOVAÇÃO E ENGENHARIA EM BIOTECNOLOGIA S.A.,1,2006,
Limited Partners (LPs)/SCR´s,"Portugal Ventures SCR, SA",Investment,Targeted companies (startups),"BIOMODE - BIOMOLECULAR DETERMINATION, S.A.",1,2014,
Limited Partners (LPs)/SCR´s,"Portugal Ventures SCR, SA",Investment,Targeted companies (startups),"ABYSSAL, S.A.",1,2014,
Limited Partners (LPs)/SCR´s,"Portugal Ventures SCR, SA",Investment,Targeted companies (startups),ALFAMA - INVESTIGAÇÃO E DESENVOLVIMENTO DE PRODUTOS FARMACÊUTICOS LDA,1,2013,
Limited Partners (LPs)/SCR´s,"Portugal Ventures SCR, SA",Investment,Targeted companies (startups),"CSIDE - SOLUÇÕES INTELIGENTES, S.A.",1,2008,
Limited Partners (LPs)/SCR´s,"Portugal Ventures SCR, SA",Investment,Targeted companies (startups),CRITICAL LINKS S.A.,1,2007,
Limited Partners (LPs)/SCR´s,"Portugal Ventures SCR, SA",Investment,Targeted companies (startups),"ENEIDA, WIRELESS & SENSORS, S.A.",1,2012,
Limited Partners (LPs)/SCR´s,"Portugal Ventures SCR, SA",Investment,Targeted companies (startups),"DISPLAX, S.A.",1,2008,
Limited Partners (LPs)/SCR´s,"Portugal Ventures SCR, SA",Investment,Targeted companies (startups),"CHIC BY CHOICE, S.A.",1,2014,
Limited Partners (LPs)/SCR´s,"Portugal Ventures SCR, SA",Investment,Targeted companies (startups),Code Place (Songvice B.V.),1,2015,
Limited Partners (LPs)/SCR´s,"Portugal Ventures SCR, SA",Investment,Targeted companies (startups),"WIZI TO FIND, S.A.",1,2006,
Limited Partners (LPs)/SCR´s,"Portugal Ventures SCR, SA",Investment,Targeted companies (startups),"XHOCKWARE, S.A.",1,2014,
Limited Partners (LPs)/SCR´s,"Portugal Ventures SCR, SA",Investment,Targeted companies (startups),"ZUVI NOVA, S.A.",1,2011,
Limited Partners (LPs)/SCR´s,"Portugal Ventures SCR, SA",Investment,Other,Principle Power Unipessoal LDA,1,2014,
Limited Partners (LPs)/SCR´s,"Portugal Ventures SCR, SA",Investment,Targeted companies (startups),PHARMA73 S.A.,1,2014,
Limited Partners (LPs)/SCR´s,"Portugal Ventures SCR, SA",Investment,Targeted companies (startups),"OUTSYSTEMS - SOFTWARE EM REDE, S.A.",1,2007,
Limited Partners (LPs)/SCR´s,"Portugal Ventures SCR, SA",Investment,Targeted companies (startups),"OMNIFLOW, S.A",1,2014,
Limited Partners (LPs)/SCR´s,"Portugal Ventures SCR, SA",Investment,Targeted companies (startups),"SKAPHANDRUS, S.A. - EM LIQUIDAÇÃO",1,2014,2016
Limited Partners (LPs)/SCR´s,"Portugal Ventures SCR, SA",Management entity (or controlling entity),Venture Capital Funds,Fundo de Capital de Risco Dinamização Turística,1,2009,
Limited Partners (LPs)/SCR´s,"Portugal Ventures SCR, SA",Management entity (or controlling entity),Venture Capital Funds,FCR Portugal Ventures Internacionalização,1,2011,
Limited Partners (LPs)/SCR´s,"Portugal Ventures SCR, SA",Management entity (or controlling entity),Venture Capital Funds,FCR Portugal Ventures Indústrias Criativas,1,2011,
Limited Partners (LPs)/SCR´s,"Portugal Ventures SCR, SA",Management entity (or controlling entity),Venture Capital Funds,FCR Portugal Ventures Universitas,1,2011,
Limited Partners (LPs)/SCR´s,"Portugal Ventures SCR, SA",Management entity (or controlling entity),Venture Capital Funds,FCR Portugal Ventures Turismo Inovação,1,2011,
Limited Partners (LPs)/SCR´s,"Portugal Ventures SCR, SA",Management entity (or controlling entity),Limited Partners (LPs)/SCR´s,"PME Capital ­Sociedade Portuguesa de Capital de Risco, S.A",1,2001,
Limited Partners (LPs)/SCR´s,"Portugal Ventures SCR, SA",Management entity (or controlling entity),Venture Capital Funds,FCR InovCapital,1,2003,
Limited Partners (LPs)/SCR´s,"Portugal Ventures SCR, SA",Management entity (or controlling entity),Venture Capital Funds,FCR FIAEA ­ Fundo de Investimento de Apoio ao Empreendorismo dos Açores,1,2011,
Limited Partners (LPs)/SCR´s,"Portugal Ventures SCR, SA",Management entity (or controlling entity),Venture Capital Funds,FCR Portugal Ventures Biocant,1,2011,
Limited Partners (LPs)/SCR´s,"Portugal Ventures SCR, SA",Management entity (or controlling entity),Venture Capital Funds,FCR Portugal Ventures Early Stages,1,2011,
Limited Partners (LPs)/SCR´s,"Portugal Ventures SCR, SA",Management entity (or controlling entity),Venture Capital Funds,FCR Portugal Ventures Finicia,1,2007,
Limited Partners (LPs)/SCR´s,"Portugal Ventures SCR, SA",Management entity (or controlling entity),Venture Capital Funds,FCR Portugal Ventures Global 2,1,2015,
Limited Partners (LPs)/SCR´s,"Portugal Ventures SCR, SA",Management entity (or controlling entity),Venture Capital Funds,FCR Portugal Global Ventures,1,2005,
Limited Partners (LPs)/SCR´s,"Portugal Ventures SCR, SA",Management entity (or controlling entity),Venture Capital Funds,FCR Portugal Ventures ACTEC II,1,2011,
Limited Partners (LPs)/SCR´s,"Portugal Ventures SCR, SA",VC Fundraising,Venture Capital Funds,FCR FIAEA ­ Fundo de Investimento de Apoio ao Empreendorismo dos Açores,1,2011,
Limited Partners (LPs)/SCR´s,"Portugal Ventures SCR, SA",VC Fundraising,Venture Capital Funds,Fundo de Capital de Risco Portugal Ventures Global 2,1,2015,
Limited Partners (LPs)/SCR´s,"Portugal Ventures SCR, SA",VC Fundraising,Venture Capital Funds,FCR Portugal Ventures Universitas,1,2011,
Limited Partners (LPs)/SCR´s,"Portugal Ventures SCR, SA",VC Fundraising,Venture Capital Funds,FCR Portugal Ventures Internacionalização,1,2011,
Limited Partners (LPs)/SCR´s,"Portugal Ventures SCR, SA",VC Fundraising,Venture Capital Funds,FCR Portugal Ventures Early Stages,1,2011,
Limited Partners (LPs)/SCR´s,"Portugal Ventures SCR, SA",VC Fundraising,Venture Capital Funds,FCR Critical Ventures I,1,2011,
Limited Partners (LPs)/SCR´s,"Portugal Ventures SCR, SA",VC Fundraising,Venture Capital Funds,FCR Portugal Global Ventures,1,2005,
Limited Partners (LPs)/SCR´s,"Portugal Ventures SCR, SA",VC Fundraising,Venture Capital Funds,FCR Portugal Ventures Finicia,1,2007,
Limited Partners (LPs)/SCR´s,"Portugal Ventures SCR, SA",VC Fundraising,Venture Capital Funds,FCR Portugal Ventures Indústrias Criativas,1,2011,
Limited Partners (LPs)/SCR´s,"Portugal Ventures SCR, SA",VC Fundraising,Venture Capital Funds,FCR Portugal Ventures Biocant,1,2011,
SPV´s,BrainCapital,Investment,Targeted companies (startups),"SWORD HEALTH, S.A",1,2014,
SPV´s,"New Ventures SGPS, SA",Investment,Targeted companies (startups),"SWORD HEALTH, S.A",1,2014,
SPV´s,"FJR, SGPS, S.A",Investment,Targeted companies (startups),STEMMATTERS - BIOTECNOLOGIA E MEDICINA REGENERATIVA S.A.,1,2011,
SPV´s,"Agro Consultores,Lda",Investment,Targeted companies (startups),"ZARPH, S.A.",1,2013,
SPV´s,"A. Silva Matos II - Investimentos, SA",Investment,Targeted companies (startups),"WINDPLUS, S.A.",1,2009,
SPV´s,IA - FCI - TICE,Investment,Targeted companies (startups),"TUIZZI, S.A.",1,2013,
Limited Partners (LPs)/SCR´s,"ES Ventures SCR, SA",Management entity (or controlling entity),Venture Capital Funds,FCR ESV II,1,2006,
Limited Partners (LPs)/SCR´s,"ES Ventures SCR, SA",Management entity (or controlling entity),Venture Capital Funds,FCR ESV III,1,2009,
Limited Partners (LPs)/SCR´s,"ES Ventures SCR, SA",Management entity (or controlling entity),Venture Capital Funds,FCR ESV Inovação & Internacionalização,1,2011,
Limited Partners (LPs)/SCR´s,"ES Ventures SCR, SA",Management entity (or controlling entity),Venture Capital Funds,FCR F-HITEC,1,2008,
Limited Partners (LPs)/SCR´s,"ES Ventures SCR, SA",Management entity (or controlling entity),Venture Capital Funds,FCR ISTART I,1,2011,
Limited Partners (LPs)/SCR´s,"ES Ventures SCR, SA",Investment,Targeted companies (startups),"FEEDZAI, INC.",1,2013,
Limited Partners (LPs)/SCR´s,"Capital Criativo SCR, SA",Management entity (or controlling entity),Venture Capital Funds,FCR Capital Criativo I,1,2011,
Limited Partners (LPs)/SCR´s,Haitong Capital SCR SA,Management entity (or controlling entity),Venture Capital Funds,FCR PME / Novo Banco,1,1997,
Limited Partners (LPs)/SCR´s,"Change Partners SCR, SA",VC Fundraising,Venture Capital Funds,FCR Fast Change,1,2003,
Limited Partners (LPs)/SCR´s,"Change Partners SCR, SA",Management entity (or controlling entity),Venture Capital Funds,FCR Fast Change II,1,2011,
Limited Partners (LPs)/SCR´s,"Change Partners SCR, SA",Management entity (or controlling entity),Venture Capital Funds,FCR Fast Change,1,2005,
Limited Partners (LPs)/SCR´s,"2BPARTNER SCR, SA",Management entity (or controlling entity),Venture Capital Funds,FCR Minho Inovação e Internacionalização,1,2011,
Limited Partners (LPs)/SCR´s,"Novabase Capital SCR, SA",VC Fundraising,Venture Capital Funds,FCR ISTART I,1,2011,
Limited Partners (LPs)/SCR´s,"Novabase Capital SCR, SA",VC Fundraising,Venture Capital Funds,FCR Novabase Capital,1,2005,
Limited Partners (LPs)/SCR´s,"Novabase Capital SCR, SA",VC Fundraising,Venture Capital Funds,FCR Novabase Inovação e Internacionalização,1,2011,
Limited Partners (LPs)/SCR´s,"Novabase Capital SCR, SA",Management entity (or controlling entity),Venture Capital Funds,FCR Novabase Inovação e Internacionalização,1,2011,
Limited Partners (LPs)/SCR´s,"Novabase Capital SCR, SA",Management entity (or controlling entity),Venture Capital Funds,FCR Novabase Capital,1,2005,
Limited Partners (LPs)/SCR´s,"Novabase Capital SCR, SA",Investment,Targeted companies (startups),"COLLAB - SOLUÇÕES INFORMÁTICAS DE COMUNICAÇÃO E COLABORAÇÃO, S.A.",1,2013,
Limited Partners (LPs)/SCR´s,"Naves ­Sociedade de Capital de Risco, S.A.",Investment,Targeted companies (startups),"BABYBOOK, S.A.",1,2014,
Limited Partners (LPs)/SCR´s,"BUSY ANGELS, SCR, S.A",Management entity (or controlling entity),SPV´s,"Busy Angels, SGPS",1,2015,
Limited Partners (LPs)/SCR´s,"ISQ SCR, SA",Management entity (or controlling entity),Venture Capital Funds,Fundo ISQ Capital,1,2005,
Limited Partners (LPs)/SCR´s,"ISQ SCR, SA",Management entity (or controlling entity),Venture Capital Funds,FCR ASK Capital,1,2011,
Limited Partners (LPs)/SCR´s,"ISQ SCR, SA",Management entity (or controlling entity),Venture Capital Funds,FCR ASK Celta,1,2011,
Limited Partners (LPs)/SCR´s,"Beta Capital SCR, SA",Management entity (or controlling entity),Venture Capital Funds,FCR Beta Early Stages,1,2005,
Limited Partners (LPs)/SCR´s,"Beta Capital SCR, SA",Management entity (or controlling entity),Venture Capital Funds,FCR Beta Ciências da Vida,1,2011,
Limited Partners (LPs)/SCR´s,"Beta Capital SCR, SA",Investment,Targeted companies (startups),GENE PREDIT S.A.,1,2012,
Limited Partners (LPs)/SCR´s,"Critical Ventures, SCR, SA",Management entity (or controlling entity),Venture Capital Funds,FCR Critical Ventures I,1,2011,
Limited Partners (LPs)/SCR´s,"Critical Ventures, SCR, SA",Management entity (or controlling entity),SPV´s,Critical SGPS (holding),1,2012,
Limited Partners (LPs)/SCR´s,"Critical Ventures, SCR, SA",Investment,Targeted companies (startups),"WFSW, S.A.",1,2012,
Limited Partners (LPs)/SCR´s,"Critical Ventures, SCR, SA",Investment,Targeted companies (startups),WATCHFUL SOFTWARE,1,2012,
Limited Partners (LPs)/SCR´s,"Critical Ventures, SCR, SA",Investment,Targeted companies (startups),CRITICAL LINKS S.A.,1,2007,
Limited Partners (LPs)/SCR´s,"Critical Ventures, SCR, SA",Investment,Targeted companies (startups),"CRITICAL MANUFACTURING, S.A.",1,2009,
SPV´s,BIOCANT VENTURES LDA,Investment,Targeted companies (startups),THELIAL TECHNOLOGIES S.A.,1,2010,
SPV´s,BIOCANT VENTURES LDA,Investment,Targeted companies (startups),"MATERA, LDA",1,2011,
SPV´s,BIOCANT VENTURES LDA,Investment,Targeted companies (startups),GENE PREDIT S.A.,1,2012,
SPV´s,"EV Tecsaúde, SGPS, SA",Investment,Targeted companies (startups),FÓRMULA DA AVÓ - LDA,1,2013,
SPV´s,"Pathena, SGPS, S.A.",Investment,Targeted companies (startups),STEMMATTERS - BIOTECNOLOGIA E MEDICINA REGENERATIVA S.A.,1,2011,
SPV´s,"Pathena, SGPS, S.A.",Investment,Targeted companies (startups),"STOCK BEATS, S.A.",1,2014,
SPV´s,"Pathena, SGPS, S.A.",Investment,Targeted companies (startups),NMUSIC S.A.,1,2013,
SPV´s,"Pathena, SGPS, S.A.",Management entity (or controlling entity),Limited Partners (LPs)/SCR´s - Outside PT,Pathena SICAR,1,2012,
SPV´s,"Pathena, SGPS, S.A.",Investment,Targeted companies (startups),"IM3DICAL, S.A.",1,2013,
SPV´s,"Venture Catalysts, Lda",Investment,Targeted companies (startups),"IMMUNETHEP, S.A.",1,2015,
SPV´s,Dueto SGPS,Investment,Targeted companies (startups),"MOVVO, S.A.",1,2011,
SPV´s,"BLUE BUSINESS, SGPS, SA",Investment,Targeted companies (startups),"IMOBILEMAGIC - MOBILE EXPERIENCES, LDA",1,2010,
SPV´s,"Sail Away, Lda",Investment,Targeted companies (startups),"FABER VENTURES, S.A.",1,2013,
SPV´s,"Eggnest, SGPS, S.A.",Investment,Targeted companies (startups),"PROCESSWARE - SOLUÇÕES INFORMÁTICAS, S.A.",1,2014,
SPV´s,"Eggnest, SGPS, S.A.",Investment,Targeted companies (startups),"FAIRWAY, MEDICAL TOURISM PORTUGAL, S.A.",1,2013,
SPV´s,PNV Capital,Investment,Targeted companies (startups),"ZUVI NOVA, S.A.",1,2011,
SPV´s,PNV Capital,Investment,Targeted companies (startups),"WEBANKOR, S.A.",1,2013,
SPV´s,PNV Capital,Investment,Targeted companies (startups),"MAGNOMICS, S.A.",1,2014,
SPV´s,PNV Capital,Investment,Targeted companies (startups),"MAPS WITH LIFE, S.A. - EM LIQUIDAÇÃO",1,2013,2016
SPV´s,PNV Capital,Investment,Targeted companies (startups),"FABER VENTURES, S.A.",1,2013,
SPV´s,PNV Capital,Investment,Targeted companies (startups),"GLOBAL INPAKT, S.A.",1,2013,2015
SPV´s,"TIC Risco, SGPS, SA",Investment,Targeted companies (startups),"FOLLOW INSPIRATION, S.A.",1,2014,
SPV´s,"Best Horizon­SGPS, Unipessoal Lda.",Investment,Targeted companies (startups),"FOLLOWPRICE, S.A.",1,2015,
SPV´s,RedStar,Investment,Targeted companies (startups),NUTRI VENTURES CORPORATION - NVC S.A.,1,2010,
SPV´s,"Skybusiness, S.A.",Investment,Targeted companies (startups),"PEEK HEALTH, S.A.",1,2015,
SPV´s,Seedcamp,Investment,Targeted companies (startups),QAMINE LIMITED,1,2015,
SPV´s,Sequoia Saúde e Tecnologia,Investment,Targeted companies (startups),"RETMARKER, S.A.",1,2011,
SPV´s,"Daninves, SGPS, S.A.",Investment,Targeted companies (startups),STEMMATTERS - BIOTECNOLOGIA E MEDICINA REGENERATIVA S.A.,1,2011,
SPV´s,SONAE IM,Investment,Targeted companies (startups),"MOVVO, S.A.",1,2011,
SPV´s,"EntreParentesis ­SGPS,S.A.",Investment,Targeted companies (startups),"MYGON, S.A.",1,2012,
SPV´s,"AFSA ­SGPS, S.A",Investment,Targeted companies (startups),"MYGON, S.A.",1,2012,
SPV´s,"B31­ Investimentos, Lda­",Investment,Targeted companies (startups),"MYGON, S.A.",1,2012,
SPV´s,"Innovation Makers ­ serviços de Consultoria em Inovação, Lda­",Investment,Targeted companies (startups),"MYGON, S.A.",1,2012,
Targeted companies (startups),"UNBABEL, INC.",Management entity (or controlling entity),Targeted companies (startups),"UNBABEL, LDA",1,2014,
Other,Ryan Petersen,Investment,Targeted companies (startups),"UNBABEL, INC.",1,2014,
Other,David Peterson,Investment,Targeted companies (startups),"UNBABEL, INC.",1,2014,
Other,Young Guo,Investment,Targeted companies (startups),"UNBABEL, INC.",1,2014,
Other,Raymond Tonsing,Investment,Targeted companies (startups),"UNBABEL, INC.",1,2014,
Other,Rob Emrich,Investment,Targeted companies (startups),"UNBABEL, INC.",1,2014,
Other,Roger Dickey,Investment,Targeted companies (startups),"UNBABEL, INC.",1,2014,
Other,Digital Garage,Investment,Targeted companies (startups),"UNBABEL, INC.",1,2014,
Other,Adeyemi Ajao,Investment,Targeted companies (startups),"UNBABEL, INC.",1,2014,
Other,Founding Team,Investment,Targeted companies (startups),"UNBABEL, LDA",1,2014,
Other,Elad Gil,Investment,Targeted companies (startups),"UNBABEL, INC.",1,2014,
Other,Kevin Rose,Investment,Targeted companies (startups),"UNBABEL, INC.",1,2014,
Other,"CIENCIVEST, VALORIZAÇÃO ECONÓMICA DA CIÊNCIA, S.A.",Investment,Targeted companies (startups),"KINEMATIX SENSE, S.A.",1,2008,
Other,Plug & Play Accelarator,Investment,Targeted companies (startups),"MUZZLEY, S.A.",1,2012,
Other,Principle Power Unipessoal LDA,Investment,Targeted companies (startups),"WINDPLUS, S.A.",1,2009,
Other,AIP –CCI,VC Fundraising,Venture Capital Funds,FCR Portugal Ventures Universitas,1,2011,
Other,PME Investimentos – Sociedade de Investimento S.A.,Management entity (or controlling entity),Venture Capital Funds,Fundo de Capital de Risco para Investidores Qualificados PME Investimentos TIEC,1,2004,
Other,PME Investimentos – Sociedade de Investimento S.A.,Management entity (or controlling entity),Other,FINOVA - Fundo de Apoio ao Financiamento à Inovação,1,2008,
Other,Y Combinator,Investment,Targeted companies (startups),"UNBABEL, INC.",1,2014,
Other,Klaus von Sayn-Wittgenstein,Investment,Targeted companies (startups),"UNBABEL, INC.",1,2014,
Other,Undisclosure Angel Investment,Investment,Targeted companies (startups),QAMINE LIMITED,1,2015,
Other,Henrique de Castro,Investment,Targeted companies (startups),QAMINE LIMITED,1,2015,
Other,Docentes FCUL,Investment,Targeted companies (startups),"SCIENCE4YOU, S.A.",1,2012,
Limited Partners (LPs)/SCR´s - Outside PT,Pathena SICAR,Investment,Targeted companies (startups),"CARDMOBILI DESENVOLVIMENTO DE SOFTWARE, S.A.",1,2013,
Limited Partners (LPs)/SCR´s - Outside PT,Pathena SICAR,Investment,Targeted companies (startups),"IMOBILEMAGIC - MOBILE EXPERIENCES, LDA",1,2010,
Limited Partners (LPs)/SCR´s - Outside PT,Pathena SICAR,Investment,Targeted companies (startups),"EXAGO VENTURES, S.A.",1,2010,
Limited Partners (LPs)/SCR´s - Outside PT,Gobi Partners,Investment,Targeted companies (startups),"APTOIDE, S.A.",1,2013,
Limited Partners (LPs)/SCR´s - Outside PT,Oak HC/FT,Investment,Targeted companies (startups),"FEEDZAI, INC.",1,2013,
Limited Partners (LPs)/SCR´s - Outside PT,e.ventures,Investment,Targeted companies (startups),"APTOIDE, S.A.",1,2013,
Limited Partners (LPs)/SCR´s - Outside PT,Golden Gate Ventures,Investment,Targeted companies (startups),"APTOIDE, S.A.",1,2013,
Other,"PRINCIPLE POWER, INC.",Investment,Targeted companies (startups),"WINDPLUS, S.A.",1,2009,
Other,"Leadership Business Technology, S.A.",Investment,Targeted companies (startups),"YD YNVISIBLE, S.A.",1,2013,
Other,Alex Chesterman,Investment,Targeted companies (startups),UNIPLACES LIMITED,1,2013,
Other,Alex Chesterman,Investment,Targeted companies (startups),"UNIVERSITYPLACES, SERVIÇOS DE INTERNET, LDA",1,2012,
Other,William Reeve,Investment,Targeted companies (startups),UNIPLACES LIMITED,1,2013,
Other,William Reeve,Investment,Targeted companies (startups),"UNIVERSITYPLACES, SERVIÇOS DE INTERNET, LDA",1,2012,
Other,Rob McClatchey,Investment,Targeted companies (startups),UNIPLACES LIMITED,1,2013,
Limited Partners (LPs)/SCR´s - Outside PT,MERMAID INVESTMENTS B.V.,Investment,Targeted companies (startups),"TURFLYNX, LDA",1,2014,
Limited Partners (LPs)/SCR´s - Outside PT,Google Ventures,Investment,Targeted companies (startups),"UNBABEL, INC.",1,2014,
Limited Partners (LPs)/SCR´s - Outside PT,Amino Capital,Investment,Targeted companies (startups),"UNBABEL, INC.",1,2014,
Limited Partners (LPs)/SCR´s - Outside PT,North Bridge Venture Partners & Growth Equity,Investment,Targeted companies (startups),"OUTSYSTEMS - SOFTWARE EM REDE, S.A.",1,2007,
Limited Partners (LPs)/SCR´s - Outside PT,PORTUGAL VENTURE CAPITAL INITIATIVE SICAV,VC Fundraising,Limited Partners (LPs)/SCR´s - Outside PT,Pathena SICAR,1,2012,
Limited Partners (LPs)/SCR´s - Outside PT,Join Capital,Investment,Targeted companies (startups),QAMINE LIMITED,1,2015,
Limited Partners (LPs)/SCR´s - Outside PT,Global Accelerator Year 3 B.V,Investment,Targeted companies (startups),MORNING HEROES S.A.,1,2015,
Limited Partners (LPs)/SCR´s - Outside PT,Plopper B.V.,Investment,Targeted companies (startups),MORNING HEROES S.A.,1,2015,
Limited Partners (LPs)/SCR´s - Outside PT,Capital One Growth Ventures,Investment,Targeted companies (startups),"FEEDZAI, INC.",1,2013,
Limited Partners (LPs)/SCR´s - Outside PT,Sapphire Ventures,Investment,Targeted companies (startups),"FEEDZAI, INC.",1,2013,
Limited Partners (LPs)/SCR´s - Outside PT,Data Collective,Investment,Targeted companies (startups),"FEEDZAI, INC.",1,2013,
Limited Partners (LPs)/SCR´s - Outside PT,Wefunder,Investment,Targeted companies (startups),"UNBABEL, INC.",1,2014,
Limited Partners (LPs)/SCR´s - Outside PT,Matrix Partners,Investment,Targeted companies (startups),"UNBABEL, INC.",1,2014,
Limited Partners (LPs)/SCR´s - Outside PT,FundersClub,Investment,Targeted companies (startups),"UNBABEL, INC.",1,2014,
Limited Partners (LPs)/SCR´s,"Hovione Capital, SCR S.A.",Investment,Targeted companies (startups),"LASERLEAP TECHNOLOGIES,S.A.",1,2013,
Other,BIOCANT ­ ASSOCIAÇÃO DE TRANSFERÊNCIA DE TECNOLOGIA,Investment,Targeted companies (startups),"CELL2B - ADVANCED THERAPEUTICS, S.A.",1,2012,
Other,BIOCANT ­ ASSOCIAÇÃO DE TRANSFERÊNCIA DE TECNOLOGIA,Investment,Targeted companies (startups),"CBRA GENOMICS, S.A.",1,2013,
Other,BIOCANT ­ ASSOCIAÇÃO DE TRANSFERÊNCIA DE TECNOLOGIA,Investment,Targeted companies (startups),"MATERA, LDA",1,2011,
Other,Indexignition - Investimentos e Consultoria Lda,Investment,Targeted companies (startups),"AMANHÃ GLOBAL, S.A.",1,2014,
Other,FINOVA - Fundo de Apoio ao Financiamento à Inovação,VC Fundraising,Venture Capital Funds,FCR ISTART I,1,2011,
Other,FINOVA - Fundo de Apoio ao Financiamento à Inovação,VC Fundraising,Venture Capital Funds,FCR Novabase Inovação e Internacionalização,1,2011,
Other,FINOVA - Fundo de Apoio ao Financiamento à Inovação,VC Fundraising,Venture Capital Funds,FCR Minho Inovação e Internacionalização,1,2011,
Other,FINOVA - Fundo de Apoio ao Financiamento à Inovação,VC Fundraising,Venture Capital Funds,FCR ESV Inovação & Internacionalização,1,2011,
Other,FINOVA - Fundo de Apoio ao Financiamento à Inovação,VC Fundraising,Venture Capital Funds,FCR Fast Change II,1,2011,
Other,FINOVA - Fundo de Apoio ao Financiamento à Inovação,VC Fundraising,Venture Capital Funds,FCR Capital Criativo I,1,2011,
Other,FINOVA - Fundo de Apoio ao Financiamento à Inovação,VC Fundraising,Venture Capital Funds,FCR ASK Celta,1,2011,
Other,FINOVA - Fundo de Apoio ao Financiamento à Inovação,VC Fundraising,Venture Capital Funds,FCR ASK Capital,1,2011,
Other,FINOVA - Fundo de Apoio ao Financiamento à Inovação,VC Fundraising,Venture Capital Funds,FCR Beta Ciências da Vida,1,2011,
Other,FINOVA - Fundo de Apoio ao Financiamento à Inovação,VC Fundraising,Venture Capital Funds,FCR Revitalizar Norte,1,2011,
Other,FINOVA - Fundo de Apoio ao Financiamento à Inovação,VC Fundraising,Venture Capital Funds,FCR Portugal Ventures Universitas,1,2011,
Other,FINOVA - Fundo de Apoio ao Financiamento à Inovação,VC Fundraising,Venture Capital Funds,FCR Revitalizar Centro,1,2011,
Other,FINOVA - Fundo de Apoio ao Financiamento à Inovação,VC Fundraising,Venture Capital Funds,FCR Portugal Ventures Turismo Inovação,1,2011,
Other,FINOVA - Fundo de Apoio ao Financiamento à Inovação,VC Fundraising,Venture Capital Funds,FCR Portugal Ventures Internacionalização,1,2011,
Other,FINOVA - Fundo de Apoio ao Financiamento à Inovação,VC Fundraising,Venture Capital Funds,FCR Portugal Ventures Early Stages,1,2011,
Other,FINOVA - Fundo de Apoio ao Financiamento à Inovação,VC Fundraising,Venture Capital Funds,FCR Portugal Ventures Indústrias Criativas,1,2011,
Other,FINOVA - Fundo de Apoio ao Financiamento à Inovação,VC Fundraising,Venture Capital Funds,FCR PME / Novo Banco,1,2013,
Other,FINOVA - Fundo de Apoio ao Financiamento à Inovação,VC Fundraising,Venture Capital Funds,FCR Portugal Ventures Biocant,1,2011,
Other,FINOVA - Fundo de Apoio ao Financiamento à Inovação,VC Fundraising,Venture Capital Funds,FCR Portugal Ventures ACTEC II,1,2011,
Other,FINOVA - Fundo de Apoio ao Financiamento à Inovação,VC Fundraising,Venture Capital Funds,FCR Critical Ventures I,1,2011,
Limited Partners (LPs)/SCR´s,Oxy Capital - SCR. S.A.,Management entity (or controlling entity),Venture Capital Funds,Oxy Capital Fundo Mezzanine,1,2014,
Limited Partners (LPs)/SCR´s,Oxy Capital - SCR. S.A.,Management entity (or controlling entity),Venture Capital Funds,FCR Revitalizar Centro,1,2013,
Limited Partners (LPs)/SCR´s,"BANIF CAPITAL - SOCIEDADE DE CAPITAL DE RISCO, SA",VC Fundraising,Venture Capital Funds,Fundo de Capital de Risco para Investidores Qualificados – CAPVEN NewCapital (“FIQ CAPVEN”),1,2003,2014
Limited Partners (LPs)/SCR´s,"BANIF CAPITAL - SOCIEDADE DE CAPITAL DE RISCO, SA",Management entity (or controlling entity),Venture Capital Funds,Fundo de Capital de Risco para Investidores Qualificados – CAPVEN NewCapital (“FIQ CAPVEN”),1,2003,2014
Limited Partners (LPs)/SCR´s,Explorer Investments SCR S.A.,Management entity (or controlling entity),Venture Capital Funds,FCR Revitalizar Norte,1,2013,
Limited Partners (LPs)/SCR´s,"PME Capital ­Sociedade Portuguesa de Capital de Risco, S.A",Investment,Targeted companies (startups),"OUTSYSTEMS - SOFTWARE EM REDE, S.A.",1,2007,
Limited Partners (LPs)/SCR´s,"PME Capital ­Sociedade Portuguesa de Capital de Risco, S.A",Investment,Targeted companies (startups),"HOTTRADE - REPRESENTAÇÕES, GESTÃO E SERVIÇOS S.A.",1,2006,
Other,IAPMEI,VC Fundraising,Venture Capital Funds,FCR Novabase Capital,1,2005,
Other,IAPMEI,VC Fundraising,Venture Capital Funds,FCR Fast Change,1,2003,
Other,IAPMEI,VC Fundraising,Venture Capital Funds,FCR Portugal Ventures Finicia,1,2007,
Other,IAPMEI,VC Fundraising,Venture Capital Funds,FCR Portugal Global Ventures,1,2005,
Other,IAPMEI,VC Fundraising,Venture Capital Funds,FCR PME / Novo Banco,1,1997,
Other,IAPMEI,Management entity (or controlling entity),Other,PME Investimentos – Sociedade de Investimento S.A.,1,1998,
Other,Região Autonoma dos Açores,VC Fundraising,Venture Capital Funds,FCR FIAEA ­ Fundo de Investimento de Apoio ao Empreendorismo dos Açores,1,2011,
Other,Turismo de Portugal,VC Fundraising,Venture Capital Funds,FCR Portugal Ventures Turismo Inovação,1,2011,
Other,ANJE,VC Fundraising,Venture Capital Funds,FCR Portugal Ventures Universitas,1,2011,
Other,Ass. p/Desenvolvimento e Investigação de Viseu,VC Fundraising,Venture Capital Funds,FCR Portugal Ventures Universitas,1,2011,
Other,Safeinterest,VC Fundraising,Venture Capital Funds,FCR Portugal Ventures Universitas,1,2011,
Other,Unknown,VC Fundraising,Venture Capital Funds,FCR Fast Change II,1,2011,
Other,Unknown,VC Fundraising,Venture Capital Funds,FCR F-HITEC,1,2008,
Other,Unknown,VC Fundraising,Venture Capital Funds,FCR Capital Criativo I,1,2011,
Other,Unknown,VC Fundraising,Venture Capital Funds,FCR ASK Capital,1,2011,
Other,Unknown,VC Fundraising,Venture Capital Funds,FCR Beta Ciências da Vida,1,2011,
Other,Unknown,VC Fundraising,Venture Capital Funds,FCR ASK Celta,1,2011,
Other,Unknown,VC Fundraising,Venture Capital Funds,FCR Beta Early Stages,1,2005,2014
Other,Unknown,VC Fundraising,Venture Capital Funds,Fundo de Capital de Risco Portugal Ventures Global 2,1,2015,
Other,Unknown,VC Fundraising,Limited Partners (LPs)/SCR´s - Outside PT,Pathena SICAR,1,2012,
Other,Unknown,VC Fundraising,Venture Capital Funds,FCR Portugal Ventures Internacionalização,1,2011,
Other,Unknown,VC Fundraising,Venture Capital Funds,FCR Portugal Ventures Turismo Inovação,1,2011,
Other,Unknown,VC Fundraising,Venture Capital Funds,FCR Portugal Ventures Biocant,1,2011,
Other,Unknown,VC Fundraising,Venture Capital Funds,FCR Critical Ventures I,1,2011,
Other,Fundação Luso Americana para o Desenvolvimento (“FLAD”),VC Fundraising,Venture Capital Funds,FCR Beta Early Stages,1,2005,2014
Other,AEP - Associação Empresarial de Portugal (ou entidade por si dominada),VC Fundraising,Venture Capital Funds,FCR Beta Early Stages,1,2005,2014
Other,"corporate investment arms, family trusts and private individuals",VC Fundraising,Venture Capital Funds,FCR ESV III,1,2009,2016
Other,"corporate investment arms, family trusts and private individuals",VC Fundraising,Venture Capital Funds,FCR ESV II,1,2006,
Other,F PENSOESSANTANDER,VC Fundraising,Venture Capital Funds,FCR F-HITEC,1,2008,
Limited Partners (LPs)/SCR´s,"Portugal Ventures SCR, SA",Management entity (or controlling entity),Venture Capital Funds,FCR PV ACTEC,1,2006,