From Type,Source,Edge,Target,Weight,starting date,ending date
Universities,"Taguspark, SA",Investment,FCR ISTART I,1,2011,
Other,Sindicato Nac. Quadros e Técnicos Bancários,VC Fundraising,FCR Portugal Ventures Universitas,1,2011,
Venture Capital Funds,Fundo ISQ Capital,Investment,"SPHERAA - PRODUÇÃO DE ENERGIA, LDA",1,2008,
Venture Capital Funds,Fundo ISQ Capital,Investment,"IBERMAROS-EQUIPAMENTOS INDUSTRIAIS, S.A.",1,2005,
Limited Partners (LPs)/SCR´s - Outside PT,Investo,Investment,"UNBABEL, INC.",1,2014,
Corporate,Cisco Investments,Investment,"VENIAM, INC.",1,2014,
Limited Partners (LPs)/SCR´s - Outside PT,Herrick Partners,Investment,"YDREAMS - INFORMÁTICA, S.A.",1,2006,
Corporate,"Mota­ Engil, Engenharia e Construção , S. A.",Investment,"BERD - PROJECTO, INVESTIGAÇÃO E ENGENHARIA DE PONTES S.A.",1,2006,
Corporate,NEUTROPLAST ­ INDÚSTRIA DE EMBALAGENS PLÁSTICAS S.A.,Investment,"BEYONDEVICES, S.A.",1,2015,
Corporate,Grupo EDP,Management entity (or controlling entity),EDP Inovação,1,2005,
Corporate,Grupo EDP,Management entity (or controlling entity),EDP Ventures SGPS,1,2005,
Corporate,Grupo EDP,Investment,"WINDPLUS, S.A.",1,2009,
Corporate,Grupo EDP,Investment,"EIDT - ENGENHARIA, INOVAÇÃO E DESENVOLVIMENTO TECNOLÓGICO, S.A.",1,2012,
Corporate,"Critical Software, S.A.",Investment,"CBRA GENOMICS, S.A.",1,2013,
Corporate,EDP Inovação,Investment,"WINDPLUS, S.A.",1,2009,
Corporate,EDP Ventures SGPS,Investment,"FEEDZAI - CONSULTADORIA E INOVAÇÃO TECNOLÓGICA, S.A.",1,2011,2015
Corporate,"Brisa, SA",VC Fundraising,FCR ISTART I,1,2011,
Corporate,"Brisa, SA",VC Fundraising,FCR F-HITEC,1,2008,
Corporate,SIBS,VC Fundraising,FCR F-HITEC,1,2008,
Limited Partners (LPs)/SCR´s - Outside PT,Verizon Ventures,Investment,"VENIAM, INC.",1,2014,
Limited Partners (LPs)/SCR´s - Outside PT,Cane Investments LLC,Investment,"VENIAM, INC.",1,2014,
Limited Partners (LPs)/SCR´s - Outside PT,Yamaha Motor Ventures,Investment,"VENIAM, INC.",1,2014,
Limited Partners (LPs)/SCR´s - Outside PT,Orange Digital Ventures,Investment,"VENIAM, INC.",1,2014,
Limited Partners (LPs)/SCR´s - Outside PT,Liberty Global Ventures,Investment,"VENIAM, INC.",1,2014,
Corporate,"CUF ­ Companhia União Fabril, SGPS, S.A",Investment,"YD YNVISIBLE, S.A.",1,2013,
Corporate,Beyond Newsgen ­ Soluções de Gestão e Personalização de Conteúdos Lda,Investment,"WIZI TO FIND, S.A.",1,2006,
Corporate,ENERNOVA - Novas Energias S.A.,Investment,"WINDPLUS, S.A.",1,2009,
Universities,ISCTE,VC Fundraising,FCR Portugal Ventures Universitas,1,2011,
Universities,ISCTE,Management entity (or controlling entity),BGI SA,1,2013,
Universities,Universidade do Porto,Investment,"SMARTWATT - ENERGY SERVICES, S.A.",1,2009,
Universities,Universidade do Porto,Investment,"PETSYS ELECTRONICS - MEDICAL PET DETECTORS,",1,2013,
Universities,Universidade do Porto,Investment,"BERD - PROJECTO, INVESTIGAÇÃO E ENGENHARIA DE PONTES S.A.",1,2006,
Universities,Universidade do Porto,Investment,"KINEMATIX SENSE, S.A.",1,2008,
Universities,Universidade do Porto,Investment,"MAGNOMICS, S.A.",1,2014,
Universities,Universidade do Porto,Investment,"FLUIDINOVA, S.A.",1,2005,
Universities,"Inesc ID ­ Instituto de Engenharia de Sistemas e Computadores, Investigação e Desenvolvimento",Investment,"COREWORKS - PROJECTOS DE CIRCUITOS E SISTEMAS ELECTRÓNICOS, S.A.",1,2006,
Universities,BGI SA,Investment,"VENIAM, INC.",1,2014,
Universities,BGI SA,Investment,"CHANGING EXPERIENCE, S.A.",1,2013,
Universities,BGI SA,Investment,"D-ORBIT PT, LDA",1,2014,
Universities,BGI SA,Investment,"MOVVO, S.A.",1,2013,
Banks,BPI,VC Fundraising,FCR F-HITEC,1,2008,
Banks,BPI,VC Fundraising,Pathena SICAR,1,2012,
Banks,BPI,VC Fundraising,FCR Portugal Ventures Turismo Inovação,1,2011,
Banks,BPI,VC Fundraising,FCR Portugal Ventures ACTEC II,1,2011,
Banks,BES/Novo Banco,VC Fundraising,FCR ISTART I,1,2011,
Banks,BES/Novo Banco,VC Fundraising,FCR PME / Novo Banco,1,1997,
Banks,BES/Novo Banco,VC Fundraising,FCR ESV Inovação & Internacionalização,1,2011,
Banks,Novo Banco (vendido SONAE IM em 2016),VC Fundraising,FCR ESV II,1,2006,2016
Banks,Novo Banco (vendido SONAE IM em 2016),VC Fundraising,FCR ESV III,1,2009,
Corporate,DST,VC Fundraising,FCR Minho Inovação e Internacionalização,1,2011,
Corporate,SONAE Capital,VC Fundraising,FCR F-HITEC,1,2008,
Corporate,INSTITUTO DE SOLDADURA E QUALIDADE,Investment,"SPHERAA - PRODUÇÃO DE ENERGIA, LDA",1,2008,
Corporate,PKM,VC Fundraising,FCR Minho Inovação e Internacionalização,1,2011,
Corporate,IMPRESA,Investment,"NONIUSSOFT, SOFTWARE E CONSULTORIA PARA TELECOMUNICAÇÕES, S.A.",1,2011,2015
Corporate,"CGC Centro de Genética Clínica e Patologia, S.A.",Investment,STEMMATTERS - BIOTECNOLOGIA E MEDICINA REGENERATIVA S.A.,1,2011,
Corporate,"Bluepharma ­ Indústria farmacêutica,S.A.",Investment,"TREAT U, S.A.",1,2013,
Corporate,"LUSÁGUA ­ SERVIÇOS AMBIENTAIS, S.A.",Investment,"SPHERAA - PRODUÇÃO DE ENERGIA, LDA",1,2008,
Corporate,REPSOL,Investment,"WINDPLUS, S.A.",1,2009,
Corporate,Workday Ventures,Investment,"UNBABEL, INC.",1,2014,
Targeted companies (startups),D­ORBIT S.R.L.,Management entity (or controlling entity),"D-ORBIT PT, LDA",1,2014,
Limited Partners (LPs)/SCR´s - Outside PT,Union Square Ventures,Investment,"VENIAM, INC.",1,2014,
Limited Partners (LPs)/SCR´s - Outside PT,Octopus Ventures,Investment,UNIPLACES LIMITED,1,2013,
Limited Partners (LPs)/SCR´s - Outside PT,Atomico,Investment,UNIPLACES LIMITED,1,2013,
Limited Partners (LPs)/SCR´s - Outside PT,True Ventures,Investment,"VENIAM, INC.",1,2014,
Venture Capital Funds,FCR Portugal Ventures Indústrias Criativas,Investment,"SCIENCE4YOU, S.A.",1,2012,
Venture Capital Funds,FCR Portugal Ventures Indústrias Criativas,Investment,"TUIZZI, S.A.",1,2013,
Venture Capital Funds,FCR Portugal Ventures Indústrias Criativas,Investment,NUTRI VENTURES CORPORATION - NVC S.A.,1,2010,
Venture Capital Funds,FCR Portugal Ventures Indústrias Criativas,Investment,"IM3DICAL, S.A.",1,2013,
Venture Capital Funds,FCR Portugal Ventures Indústrias Criativas,Investment,"GORGEOUSDETAILS, S.A. - SOCIEDADE EM LIQUIDAÇÃO",1,2013,2016
Venture Capital Funds,FCR Portugal Ventures Indústrias Criativas,Investment,"GLOBAL INPAKT, S.A.",1,2013,2015
Venture Capital Funds,FCR Portugal Ventures Indústrias Criativas,Investment,"GETSOCIAL, S.A.",1,2013,
Venture Capital Funds,FCR Portugal Ventures Indústrias Criativas,Investment,"GLEAM, S.A.",1,2013,
Venture Capital Funds,FCR Portugal Ventures Finicia,Investment,"SCIENCE4YOU, S.A.",1,2012,
Venture Capital Funds,FCR Novabase Capital,Investment,"POWER DATA, LDA",1,2013,
Venture Capital Funds,FCR Novabase Capital,Investment,"FEEDZAI - CONSULTADORIA E INOVAÇÃO TECNOLÓGICA, S.A.",1,2011,2015
Venture Capital Funds,FCR InovCapital,Investment,"KINEMATIX SENSE, S.A.",1,2008,
Venture Capital Funds,FCR InovCapital,Investment,GENE PREDIT S.A.,1,2012,
Venture Capital Funds,FCR Change Partners I,VC Fundraising,FCR Fast Change,1,2003,
Venture Capital Funds,Fundo de Sindicação de Capital de Risco PME – IAPMEI (“FSCR PME IAPMEI”),VC Fundraising,FCR Beta Early Stages,1,2005,2014
Venture Capital Funds,Fundo de Capital de Risco para Investidores Qualificados – CAPVEN NewCapital (“FIQ CAPVEN”),VC Fundraising,FCR Beta Early Stages,1,2005,2014
Venture Capital Funds,FCR Portugal Ventures Turismo Inovação,Investment,"MYGON, S.A.",1,2012,
Venture Capital Funds,FCR Portugal Ventures Turismo Inovação,Investment,"WEDELIVERAWESOMEAPPS, S.A.",1,2014,
Venture Capital Funds,FCR Portugal Ventures Turismo Inovação,Investment,"ICLIO, S.A.",1,2014,
Venture Capital Funds,FCR Portugal Ventures Turismo Inovação,Investment,"MAPS WITH LIFE, S.A. - EM LIQUIDAÇÃO",1,2013,2016
Venture Capital Funds,FCR Portugal Ventures Turismo Inovação,Investment,"FAIRWAY, MEDICAL TOURISM PORTUGAL, S.A.",1,2013,
Venture Capital Funds,FCR Portugal Ventures Turismo Inovação,Investment,"FRIDAY: CIÊNCIA E ENGENHARIA DO LAZER, S.A.",1,2014,
Venture Capital Funds,FCR Beta Ciências da Vida,Investment,"NONIUSSOFT, SOFTWARE E CONSULTORIA PARA TELECOMUNICAÇÕES, S.A.",1,2011,2015
Venture Capital Funds,FCR Beta Ciências da Vida,Investment,"MAGNOMICS, S.A.",1,2014,
Venture Capital Funds,FCR Beta Ciências da Vida,Investment,"EQUIGERMINAL, S.A.",1,2012,
Venture Capital Funds,FCR Beta Ciências da Vida,Investment,"HEARTGENETICS GENETICS AND BIOTECHNOLOGY, S.A.",1,2013,
Venture Capital Funds,FCR ISTART I,Investment,"SAKPROJECT INTERNATIONAL, S.A",1,2012,
Venture Capital Funds,FCR ISTART I,Investment,QAMINE LIMITED,1,2015,
Venture Capital Funds,FCR ISTART I,Investment,"QAMINE PORTUGAL, S.A",1,2013,
Venture Capital Funds,FCR ISTART I,Investment,"ECOFOOT, S.A.",1,2013,
Venture Capital Funds,FCR ISTART I,Investment,"LASERLEAP TECHNOLOGIES,S.A.",1,2013,
Venture Capital Funds,FCR ISTART I,Investment,"MUZZLEY, S.A.",1,2012,
Venture Capital Funds,FCR ISTART I,Investment,"FASTINOV, S.A.",1,2015,
Venture Capital Funds,FCR ISTART I,Investment,"EQUIGERMINAL, S.A.",1,2012,
Venture Capital Funds,FCR ISTART I,Investment,"HEARTGENETICS GENETICS AND BIOTECHNOLOGY, S.A.",1,2013,
Venture Capital Funds,FCR PME / Novo Banco,Investment,"EPEDAL, SGPS S.A.",1,2015,
Venture Capital Funds,FCR Fast Change,Investment,"STOPLINE FILMS - PRODUÇÃO DE AUDIOVISUAIS, LDA",1,2005,
Venture Capital Funds,FCR Fast Change,Investment,"CEV, S.A.",1,2007,
Venture Capital Funds,FCR Fast Change,Investment,"CONVERDE, S.A.",1,2012,
Venture Capital Funds,FCR Fast Change,Investment,CRITICAL LINKS S.A.,1,2007,
Venture Capital Funds,FCR Fast Change,Investment,"HOTTRADE - REPRESENTAÇÕES, GESTÃO E SERVIÇOS S.A.",1,2006,
Venture Capital Funds,FCR Fast Change,Investment,"FLUIDINOVA, S.A.",1,2005,
Venture Capital Funds,FCR Fast Change,Investment,"GUESTCENTRIC SYSTEMS, S.A.",1,2007,
Venture Capital Funds,FCR Revitalizar Centro,Investment,"CELL2B - ADVANCED THERAPEUTICS, S.A.",1,2012,
Venture Capital Funds,FCR Revitalizar Centro,Investment,"FEEDZAI - CONSULTADORIA E INOVAÇÃO TECNOLÓGICA, S.A.",1,2011,
Venture Capital Funds,FCR Portugal Ventures ACTEC II,Investment,"TOP RESEARCH, S.A.",1,2015,
Venture Capital Funds,FCR Portugal Ventures ACTEC II,Investment,THELIAL TECHNOLOGIES S.A.,1,2010,
Venture Capital Funds,FCR Portugal Ventures ACTEC II,Investment,"PERCEIVE3D, S.A.",1,2013,
Venture Capital Funds,FCR Portugal Ventures ACTEC II,Investment,"POSSIBLE ANSWER , S.A",1,2015,
Venture Capital Funds,FCR Portugal Ventures ACTEC II,Investment,"ZARPH, S.A.",1,2013,
Venture Capital Funds,FCR Portugal Ventures ACTEC II,Investment,"CHANGING EXPERIENCE, S.A.",1,2013,
Venture Capital Funds,FCR Portugal Ventures ACTEC II,Investment,BULLET SOLUTIONS - SISTEMAS DE INFORMAÇÃO S.A.,1,2015,
Venture Capital Funds,FCR Portugal Ventures ACTEC II,Investment,"MICE - MOLDS AND INJECTED COMPONENTS ENGINEERING, S.A.",1,2015,
Venture Capital Funds,FCR Portugal Ventures Biocant,Investment,"TREAT U, S.A.",1,2013,
Venture Capital Funds,FCR Portugal Ventures Biocant,Investment,"PEEK HEALTH, S.A.",1,2015,
Venture Capital Funds,FCR Portugal Ventures Biocant,Investment,"PERCEIVE3D, S.A.",1,2013,
Venture Capital Funds,FCR Portugal Ventures Biocant,Investment,"CBRA GENOMICS, S.A.",1,2013,
Venture Capital Funds,FCR Portugal Ventures Biocant,Investment,"IMMUNETHEP, S.A.",1,2015,
Venture Capital Funds,FCR Portugal Ventures Biocant,Investment,"LUZITIN, S.A.",1,2011,
Venture Capital Funds,FCR Portugal Ventures Biocant,Investment,GENE PREDIT S.A.,1,2012,
Venture Capital Funds,FCR Novabase Inovação e Internacionalização,Investment,"SMARTGEO, SOLUTIONS, LDA",1,2013,
Venture Capital Funds,FCR Novabase Inovação e Internacionalização,Investment,"POWER DATA, LDA",1,2013,
Venture Capital Funds,FCR Novabase Inovação e Internacionalização,Investment,"POWERGRID, LDA",1,2011,
Venture Capital Funds,FCR Novabase Inovação e Internacionalização,Investment,"RADICAL INNOVATION, LDA",1,2013,
Venture Capital Funds,FCR Novabase Inovação e Internacionalização,Investment,"WIZDEE-SISTEMAS DE GESTÃO DE CONHECIMENTO, S.A.",1,2014,
Venture Capital Funds,FCR Novabase Inovação e Internacionalização,Investment,"CITY PULSE, LDA",1,2014,
Venture Capital Funds,FCR Novabase Inovação e Internacionalização,Investment,"BRIGHT INNOVATION, LDA",1,2012,
Venture Capital Funds,FCR Novabase Inovação e Internacionalização,Investment,"DTV RESEARCH, UNIPESSOAL LDA",1,2012,2014
Venture Capital Funds,FCR Novabase Inovação e Internacionalização,Investment,"LIVIAN TECHNOLOGIES, LDA",1,2014,
Venture Capital Funds,FCR Critical Ventures I,Investment,"RETMARKER, S.A.",1,2011,
Venture Capital Funds,FCR Critical Ventures I,Investment,"BLUECARING - SISTEMAS DE MONITORIZAÇÃO, S.A.",1,2014,
Venture Capital Funds,FCR Critical Ventures I,Investment,"CBRA GENOMICS, S.A.",1,2013,
Venture Capital Funds,FCR Critical Ventures I,Investment,"CRITICAL MATERIALS, S.A.",1,2011,
Venture Capital Funds,FCR Portugal Ventures Valor,Investment,BIOSURFIT S.A.,1,2006,
Venture Capital Funds,Fundo de Capital de Risco para Investidores Qualificados PME Investimentos­ TIEC,Investment,BIOSURFIT S.A.,1,2004,
Targeted companies (startups),"FABER VENTURES, S.A.",Investment,"UNBABEL, INC.",1,2014,
Targeted companies (startups),"FABER VENTURES, S.A.",Investment,"PASSWORKS, S.A.",1,2014,
Targeted companies (startups),"FABER VENTURES, S.A.",Investment,"QAMINE PORTUGAL, S.A",1,2013,
Targeted companies (startups),"FABER VENTURES, S.A.",Investment,QAMINE LIMITED,1,2015,
Targeted companies (startups),"FABER VENTURES, S.A.",Investment,"YOUNGSTORIES, S.A.",1,2013,
Targeted companies (startups),"FABER VENTURES, S.A.",Investment,"CHIC BY CHOICE, S.A.",1,2014,
Targeted companies (startups),"FABER VENTURES, S.A.",Investment,"ALTURA PUBLISHING, S.A.",1,2014,
Targeted companies (startups),"FABER VENTURES, S.A.",Investment,"LIQUID DATA INTELLIGENCE, S.A.",1,2014,
Targeted companies (startups),"FABER VENTURES, S.A.",Investment,"GLEAM, S.A.",1,2013,
Targeted companies (startups),"FABER VENTURES, S.A.",Investment,"GETSOCIAL, S.A.",1,2013,
Targeted companies (startups),ALFAMA INC.,Investment,ALFAMA - INVESTIGAÇÃO E DESENVOLVIMENTO DE PRODUTOS FARMACÊUTICOS LDA,1,2013,2014
Venture Capital Funds,FCR FAI Energias,Investment,"WINDPLUS, S.A.",1,2009,
Venture Capital Funds,PME Investimentos – Sociedade de Investimento S.A.,Management entity (or controlling entity),Fundo de Sindicação de Capital de Risco PME – IAPMEI (“FSCR PME IAPMEI”),1,2003,
Venture Capital Funds,Fundo de Capital de Risco Portugal Ventures,Investment,"MAGNOMICS, S.A.",1,2014,2014
Venture Capital Funds,Fundo de Capital de Risco Portugal Ventures,Investment,"MAGNOMICS, S.A.",1,1993,2014
Venture Capital Funds,Oxy Capital Fundo Mezzanine,Investment,"NONIUSSOFT, SOFTWARE E CONSULTORIA PARA TELECOMUNICAÇÕES, S.A.",1,2015,
Venture Capital Funds,FCR Portugal Ventures,Investment,"PROCESSWARE - SOLUÇÕES INFORMÁTICAS, S.A.",1,2014,
Venture Capital Funds,FCR Revitalizar Norte,Investment,NMUSIC S.A.,1,2013,
Venture Capital Funds,FCR ESV III,Investment,SafetyPay,1,2008,
Venture Capital Funds,FCR ESV III,Investment,Spectrum Bridge,1,2008,
Venture Capital Funds,FCR ESV III,Investment,Ubiquity Global Services,1,2012,
Venture Capital Funds,FCR ESV III,Investment,"NUTRIGREEN, S.A.",1,2009,
Venture Capital Funds,FCR ESV III,Investment,Petra Systems,1,2010,
Venture Capital Funds,FCR ESV III,Investment,"QAMINE PORTUGAL, S.A",1,2013,
Venture Capital Funds,FCR ESV III,Investment,Watson Brown,1,2008,
Venture Capital Funds,FCR ESV III,Investment,"DOMATICA ­ GLOBAL SOLUTIONS, S.A.",1,2011,
Venture Capital Funds,FCR ESV III,Investment,Current,1,2011,2013
Venture Capital Funds,FCR ESV III,Investment,A123Systems,1,2009,2012
Venture Capital Funds,FCR ESV III,Investment,"ADVANCED CYCLONE SYSTEMS, S.A.",1,2009,
Venture Capital Funds,FCR ESV III,Investment,JDCPhosphate,1,2012,
Venture Capital Funds,FCR ESV III,Investment,"MUZZLEY, S.A.",1,2012,
Venture Capital Funds,FCR ESV III,Investment,"MUZZLEY, S.A.",1,2012,
Venture Capital Funds,FCR ESV III,Investment,"MUZZLEY, S.A.",1,2012,
Venture Capital Funds,FCR ESV III,Investment,MAGPOWER - SOLUÇÕES DE ENERGIA S.A.,1,2011,
Venture Capital Funds,FCR Fast Change II,Investment,STREAMBOLICO S.A.,1,2013,
Venture Capital Funds,FCR Fast Change II,Investment,"SWORD HEALTH, S.A",1,2014,
Venture Capital Funds,FCR Fast Change II,Investment,"CELL2B - ADVANCED THERAPEUTICS, S.A.",1,2012,
Venture Capital Funds,FCR Fast Change II,Investment,"EIDT - ENGENHARIA, INOVAÇÃO E DESENVOLVIMENTO TECNOLÓGICO, S.A.",1,2012,
Venture Capital Funds,FCR Fast Change II,Investment,"CONVERDE, S.A.",1,2012,
Venture Capital Funds,FCR Fast Change II,Investment,"5ENSESINFOOD, S.A.",1,2013,
Venture Capital Funds,FCR Fast Change II,Investment,"BIOMODE 2, S.A.",1,2014,
Venture Capital Funds,FCR Fast Change II,Investment,"EXOGENUS THERAPEUTICS, S.A.",1,2015,
Venture Capital Funds,Fundo de Capital de Risco Portugal Ventures Global 2,Investment,"SCIENCE4YOU, S.A.",1,2012,
Venture Capital Funds,Fundo de Capital de Risco Portugal Ventures Global 2,Investment,"BRIGHTWIZARD, S.A",1,2015,
Venture Capital Funds,Fundo de Capital de Risco Portugal Ventures Global 2,Investment,"BICA STUDIOS, S.A.",1,2015,
Venture Capital Funds,FCR Empreender Mais,VC Fundraising,FCR Portugal Ventures Universitas,1,2011,
Venture Capital Funds,FCR Empreender Mais,Investment,STEMMATTERS - BIOTECNOLOGIA E MEDICINA REGENERATIVA S.A.,1,2011,
Venture Capital Funds,FCR Empreender Mais,Investment,"NONIUSSOFT, SOFTWARE E CONSULTORIA PARA TELECOMUNICAÇÕES, S.A.",1,2011,2015
Venture Capital Funds,FCR Empreender Mais,Investment,"CHANGING EXPERIENCE, S.A.",1,2013,
Venture Capital Funds,FCR Empreender Mais,Investment,BIOSURFIT S.A.,1,2006,
Venture Capital Funds,FCR Empreender Mais,Investment,"MOVVO, S.A.",1,2011,
Venture Capital Funds,FCR Empreender Mais,Investment,"GUESTCENTRIC SYSTEMS, S.A.",1,2007,
Venture Capital Funds,FCR Caixa Tech Transfer Accelerator Ventures,Investment,"PLUX - WIRELESS BIOSIGNALS, S.A.",1,2011,
Venture Capital Funds,FCR Caixa Tech Transfer Accelerator Ventures,Investment,"CHANGING EXPERIENCE, S.A.",1,2013,
Venture Capital Funds,FCR Caixa Tech Transfer Accelerator Ventures,Investment,"BIOMIMETX,S.A.",1,2015,
Venture Capital Funds,FCR Beta Early Stages,Investment,"CRIVO INVESTIGAÇÃO APLICADA, S.A.",1,2008,
Venture Capital Funds,FCR Beta Early Stages,Investment,BIOSURFIT S.A.,1,2006,
Venture Capital Funds,Fundo de Sindicação de Capital de Risco PME ­IAPMEI,Investment,BIOSURFIT S.A.,1,2006,
Venture Capital Funds,FCR Capital Criativo I,Investment,"USC INTERNACIONAL, S.A.",1,2011,
Venture Capital Funds,FCR Capital Criativo I,Investment,"CARDMOBILI DESENVOLVIMENTO DE SOFTWARE, S.A.",1,2013,
Venture Capital Funds,FCR Capital Criativo I,Investment,E.A.D. - EMPRESA DE ARQUIVO DE DOCUMENTAÇÃO S.A.,1,2014,
Venture Capital Funds,FCR Capital Criativo I,Investment,"CORTEX INTELLIGENCE TECNOLOGIA, LDA",1,2012,
Venture Capital Funds,FCR Capital Criativo I,Investment,BALFLEX PORTUGAL - COMPONENTES HIDRÁULICOS E INDUSTRIAIS S.A.,1,2014,
Venture Capital Funds,FCR Capital Criativo I,Investment,LIVE CONTENT S.A,1,2011,2014
Venture Capital Funds,FCR Capital Criativo I,Investment,"ISA - INTELLIGENT SENSING ANYWHERE, S.A.",1,2011,
Venture Capital Funds,FCR Capital Criativo I,Investment,"GO BIZ, VIAGENS E TURISMO, S.A.",1,2012,
Venture Capital Funds,FCR ESV Inovação & Internacionalização,Investment,"SAKPROJECT INTERNATIONAL, S.A",1,2012,
Venture Capital Funds,FCR ESV Inovação & Internacionalização,Investment,"STOCK BEATS, S.A.",1,2014,
Venture Capital Funds,FCR ESV Inovação & Internacionalização,Investment,NUTRI VENTURES CORPORATION - NVC S.A.,1,2010,
Venture Capital Funds,FCR ESV Inovação & Internacionalização,Investment,"BW - BRIDGES WORLDWIDE HOLDING, SGPS, S.A.",1,2011,
Venture Capital Funds,FCR ESV Inovação & Internacionalização,Investment,"BERD - PROJECTO, INVESTIGAÇÃO E ENGENHARIA DE PONTES S.A.",1,2006,
Venture Capital Funds,FCR ESV Inovação & Internacionalização,Investment,"HEARTGENETICS GENETICS AND BIOTECHNOLOGY, S.A.",1,2013,
Venture Capital Funds,FCR ESV Inovação & Internacionalização,Investment,"LUSOEDUC - INFORMAÇÃO E SERVIÇOS, S.A.",1,2012,
Venture Capital Funds,FCR ESV Inovação & Internacionalização,Investment,"FEEDZAI - CONSULTADORIA E INOVAÇÃO TECNOLÓGICA, S.A.",1,2011,
Venture Capital Funds,Fundo de Capital de Risco AICEP­ Capital Global Grande Projectos de Investimento,Investment,"BERD - PROJECTO, INVESTIGAÇÃO E ENGENHARIA DE PONTES S.A.",1,2006,
Venture Capital Funds,Fundo de Capital de Risco AICEP Capital Global III,Investment,"BERD - PROJECTO, INVESTIGAÇÃO E ENGENHARIA DE PONTES S.A.",1,2006,
Venture Capital Funds,Fundo de Capital de Risco Dinamização Turística,Investment,"BGUESTNOW, S.A.",1,2015,
Venture Capital Funds,Fundo de Capital de Risco Dinamização Turística,Investment,"INDIE CAMPERS, S.A.",1,2015,
Venture Capital Funds,Fundo de Capital de Risco Dinamização Turística,Investment,"EXCITING SPACE, S.A.",1,2015,
Venture Capital Funds,FCR Portugal Ventures Early Stages,Investment,STREAMBOLICO S.A.,1,2013,
Venture Capital Funds,FCR Portugal Ventures Early Stages,Investment,"PETSYS ELECTRONICS - MEDICAL PET DETECTORS,",1,2013,
Venture Capital Funds,FCR Portugal Ventures Early Stages,Investment,"YOUNGSTORIES, S.A.",1,2013,
Venture Capital Funds,FCR Portugal Ventures Early Stages,Investment,"WHIZZTEK, S.A. - EM LIQUIDAÇÃO",1,2014,2015
Venture Capital Funds,FCR Portugal Ventures Early Stages,Investment,"WEBANKOR, S.A.",1,2013,
Venture Capital Funds,FCR Portugal Ventures Early Stages,Investment,"CUBO ENVIRONMENTAL TECHNOLOGIES, S.A.",1,2015,
Venture Capital Funds,FCR Portugal Ventures Early Stages,Investment,"AMANHÃ GLOBAL, S.A.",1,2014,
Venture Capital Funds,FCR Portugal Ventures Early Stages,Investment,"LIQUID DATA INTELLIGENCE, S.A.",1,2014,
Venture Capital Funds,FCR Portugal Ventures Early Stages,Investment,MORNING HEROES S.A.,1,2015,
Venture Capital Funds,FCR Portugal Ventures Early Stages,Investment,"GREENFIBER TECH, S.A.",1,2013,
Venture Capital Funds,FCR Portugal Ventures Internacionalização,Investment,"SCIENCE4YOU, S.A.",1,2012,
Venture Capital Funds,FCR Portugal Ventures Internacionalização,Investment,"SHIFTFORWARD, S.A.",1,2014,
Venture Capital Funds,FCR Portugal Ventures Internacionalização,Investment,"TUIZZI, S.A.",1,2013,
Venture Capital Funds,FCR Portugal Ventures Internacionalização,Investment,NUTRI VENTURES CORPORATION - NVC S.A.,1,2010,
Venture Capital Funds,FCR Portugal Ventures Internacionalização,Investment,"WIZDEE-SISTEMAS DE GESTÃO DE CONHECIMENTO, S.A.",1,2014,
Venture Capital Funds,FCR Portugal Ventures Internacionalização,Investment,"APTOIDE, S.A.",1,2013,
Venture Capital Funds,FCR Portugal Ventures Internacionalização,Investment,"BLOOMERS, S.A.",1,2015,
Venture Capital Funds,FCR Portugal Ventures Internacionalização,Investment,"BEYONDEVICES, S.A.",1,2015,
Venture Capital Funds,FCR Portugal Ventures Internacionalização,Investment,"JSCRAMBLER, S.A.",1,2013,
Venture Capital Funds,FCR Portugal Ventures Internacionalização,Investment,"KINEMATIX SENSE, S.A.",1,2008,
Venture Capital Funds,FCR Portugal Ventures Internacionalização,Investment,"KINEMATIX SENSE, S.A.",1,2008,
Venture Capital Funds,FCR Portugal Ventures Internacionalização,Investment,"KINEMATIX SENSE, S.A.",1,2008,
Venture Capital Funds,FCR Portugal Ventures Internacionalização,Investment,"MOODOPTIC, S.A.",1,2014,
Venture Capital Funds,FCR Portugal Ventures Internacionalização,Investment,"EPEDAL, SGPS S.A.",1,2015,
Venture Capital Funds,FCR Portugal Ventures Internacionalização,Investment,"GRAPHENEST, S.A.",1,2015,
Venture Capital Funds,FCR Portugal Ventures Universitas,Investment,"PASSWORKS, S.A.",1,2014,
Venture Capital Funds,FCR Portugal Ventures Universitas,Investment,"PETSYS ELECTRONICS - MEDICAL PET DETECTORS,",1,2013,
Venture Capital Funds,FCR Portugal Ventures Universitas,Investment,"PEPFEED, S,A",1,2015,
Venture Capital Funds,FCR Portugal Ventures Universitas,Investment,"YOUNGSTORIES, S.A.",1,2013,
Venture Capital Funds,FCR Portugal Ventures Universitas,Investment,"APTOIDE, S.A.",1,2013,
Venture Capital Funds,FCR Portugal Ventures Universitas,Investment,"BABYBOOK, S.A.",1,2014,
Venture Capital Funds,FCR Portugal Ventures Universitas,Investment,"FUNCTIONAL ENVIROMICS TECHNOLOGIES, S.A.",1,2013,
Venture Capital Funds,FCR ESV II,Investment,"SOUSACAMP, SGPS S.A.",1,2007,
Venture Capital Funds,FCR ESV II,Investment,Superbac,1,2007,
Venture Capital Funds,FCR ESV II,Investment,Ultracell,1,2009,
Venture Capital Funds,FCR ESV II,Investment,TxVia,1,2009,2012
Venture Capital Funds,FCR ESV II,Investment,Nanosolar,1,2006,
Venture Capital Funds,FCR ESV II,Investment,Ophtalmopharma,1,2007,
Venture Capital Funds,FCR ESV II,Investment,Oceanlinx,1,2008,
Venture Capital Funds,FCR ESV II,Investment,"OUTSYSTEMS - SOFTWARE EM REDE, S.A.",1,2007,
Venture Capital Funds,FCR ESV II,Investment,Prepaid Media,1,2005,
Venture Capital Funds,FCR ESV II,Investment,"YDREAMS - INFORMÁTICA, S.A.",1,2006,
Venture Capital Funds,FCR ESV II,Investment,"YD YNVISIBLE, S.A.",1,2013,
Venture Capital Funds,FCR ESV II,Investment,"COREWORKS - PROJECTOS DE CIRCUITOS E SISTEMAS ELECTRÓNICOS, S.A.",1,2006,
Venture Capital Funds,FCR ESV II,Investment,Atraverda,1,2007,
Venture Capital Funds,FCR ESV II,Investment,AquaSpy,1,2007,
Venture Capital Funds,FCR ESV II,Investment,"AUGRPUBLISHER, S.A",1,2014,
Venture Capital Funds,FCR ESV II,Investment,Iosil Energy,1,2012,
Venture Capital Funds,FCR ESV II,Investment,"HEARTGENETICS GENETICS AND BIOTECHNOLOGY, S.A.",1,2013,
Venture Capital Funds,FCR ESV II,Investment,"FEEDZAI - CONSULTADORIA E INOVAÇÃO TECNOLÓGICA, S.A.",1,2011,
Venture Capital Funds,FCR ESV II,Investment,"GLOBAL ACTIVE, GESTÃO DE PARTICIPAÇÕES SOCIAIS, SGPS S.A.",1,2006,
Venture Capital Funds,FCR FIAEA ­ Fundo de Investimento de Apoio ao Empreendorismo dos Açores,Investment,"ASINUS ATLANTICUS, S.A.",1,2014,
Venture Capital Funds,FCR ASK Celta,Investment,"TORBEL, S.A.",1,2014,
Venture Capital Funds,FCR ASK Celta,Investment,"PETAPILOT, S.A.",1,2015,
Venture Capital Funds,FCR ASK Celta,Investment,"ATP- ATLÂNTICO TRADE PARTNERS - IMPORTAÇÃO E EXPORTAÇÃO DE PRODUTOS ALIMENTARES, LDA",1,2011,
Venture Capital Funds,FCR ASK Celta,Investment,"GUM CHEMICAL SOLUTIONS, S.A.",1,2015,
Venture Capital Funds,FCR PV ACTEC,VC Fundraising,FCR Portugal Ventures ACTEC II,1,2011,2014
Venture Capital Funds,FCR PV ACTEC,Investment,"OMNIFLOW, S.A",1,2012,2014
Venture Capital Funds,FCR PV ACTEC,Investment,PHARMA73 S.A.,1,2011,2014
Venture Capital Funds,FCR PV ACTEC,Investment,"XHOCKWARE, S.A.",1,2014,2014
Venture Capital Funds,FCR PV ACTEC,Investment,"ABYSSAL, S.A.",1,2012,2014
Venture Capital Funds,FCR PV ACTEC,Investment,"BIOMODE - BIOMOLECULAR DETERMINATION, S.A.",1,2011,2014
Venture Capital Funds,FCR PV ACTEC,Investment,"LYMPHACT - LYMPHOCYTE ACTIVATION TECHNOLOGIES, S.A.",1,2013,2014
Venture Capital Funds,FCR Minho Inovação e Internacionalização,Investment,"SPHERE ULTRAFAST PHOTONICS, S.A.",1,2014,
Venture Capital Funds,FCR Minho Inovação e Internacionalização,Investment,"TOP RESEARCH, S.A.",1,2015,
Venture Capital Funds,FCR Minho Inovação e Internacionalização,Investment,"WATT-IS, S.A.",1,2015,
Venture Capital Funds,FCR Minho Inovação e Internacionalização,Investment,WISE CONNECT S.A.,1,2014,
Venture Capital Funds,FCR Minho Inovação e Internacionalização,Investment,"DOCTORGUMMY, LDA",1,2014,
Venture Capital Funds,FCR Minho Inovação e Internacionalização,Investment,"ADDVOLT, S.A.",1,2014,
Venture Capital Funds,FCR Minho Inovação e Internacionalização,Investment,"BIOMODE 2, S.A.",1,2014,
Venture Capital Funds,FCR Minho Inovação e Internacionalização,Investment,"MOBIQUEUE, S.A.",1,2014,
Venture Capital Funds,FCR Minho Inovação e Internacionalização,Investment,FÓRMULA DA AVÓ - LDA,1,2013,
Venture Capital Funds,Fundo de Capital de Risco Portugal Ventures Valor 2,Investment,"MUZZLEY, S.A.",1,2012,
Venture Capital Funds,Fundo de Capital de Risco Portugal Ventures Valor 2,Investment,"BYCLOSURE, S.A.",1,2015,
Venture Capital Funds,Fundo de Capital de Risco Portugal Ventures Valor 2,Investment,"ALTURA PUBLISHING, S.A.",1,2014,
Venture Capital Funds,Fundo de Capital de Risco Portugal Ventures Valor 2,Investment,"ADFAMILIES PUBLICIDADE, S.A.",1,2015,
Venture Capital Funds,Fundo de Capital de Risco Portugal Ventures Valor 2,Investment,"IMMUNETHEP, S.A.",1,2015,
Venture Capital Funds,FCR ASK Capital,Investment,"TURFLYNX, LDA",1,2014,
Venture Capital Funds,FCR ASK Capital,Investment,"ECT - BUSINESS OPORTUNITY, COMPRA E VENDA DE VIATURAS, LDA",1,2014,
Venture Capital Funds,FCR ASK Capital,Investment,"ALTAKITIN, S.A.",1,2011,
Venture Capital Funds,FCR ASK Capital,Investment,"BABYBOOK, S.A.",1,2014,
Venture Capital Funds,FCR ASK Capital,Investment,"GREENFIBER TECH, S.A.",1,2013,
SPV´s,"SharkAB ­ Consultores, Lda",Investment,"CELL2B - ADVANCED THERAPEUTICS, S.A.",1,2012,
SPV´s,Magnum Capital Partners,Investment,"CELL2B - ADVANCED THERAPEUTICS, S.A.",1,2012,
SPV´s,"Busy Angels, SGPS",Investment,"SAKPROJECT INTERNATIONAL, S.A",1,2012,
SPV´s,"Busy Angels, SGPS",Investment,"ZUVI NOVA, S.A.",1,2011,
SPV´s,"Busy Angels, SGPS",Investment,"YOUNGSTORIES, S.A.",1,2013,
SPV´s,"Busy Angels, SGPS",Investment,"WEBANKOR, S.A.",1,2013,
SPV´s,"Busy Angels, SGPS",Investment,"XHOCKWARE, S.A.",1,2014,
SPV´s,"Busy Angels, SGPS",Investment,"LASERLEAP TECHNOLOGIES,S.A.",1,2013,
SPV´s,"Busy Angels, SGPS",Investment,"ICLIO, S.A.",1,2014,
SPV´s,"Busy Angels, SGPS",Investment,"LUSOEDUC - INFORMAÇÃO E SERVIÇOS, S.A.",1,2012,
SPV´s,"Busy Angels, SGPS",Investment,"LYMPHACT - LYMPHOCYTE ACTIVATION TECHNOLOGIES, S.A.",1,2013,
SPV´s,"Busy Angels, SGPS",Investment,"FASTINOV, S.A.",1,2015,
SPV´s,"Busy Angels, SGPS",Investment,"FAIRWAY, MEDICAL TOURISM PORTUGAL, S.A.",1,2013,
SPV´s,"Busy Angels, SGPS",Investment,"FABER VENTURES, S.A.",1,2013,
SPV´s,"Gegnum ­Gestão e Investimentod, lda",Investment,"BIOMODE 2, S.A.",1,2014,
SPV´s,"Intercapital ­Investimento e Gestão de Activos, S.A.",Investment,"PLUX - WIRELESS BIOSIGNALS, S.A.",1,2011,
SPV´s,"Intercapital ­Investimento e Gestão de Activos, S.A.",Investment,"CHANGING EXPERIENCE, S.A.",1,2013,
SPV´s,"Intercapital ­Investimento e Gestão de Activos, S.A.",Investment,"BIOMIMETX,S.A.",1,2015,
SPV´s,"Binteractive, Lda",Investment,"AUGRPUBLISHER, S.A",1,2014,
SPV´s,"Faber Investments,SGPS",Investment,"ALTURA PUBLISHING, S.A.",1,2014,
SPV´s,BrainInvest,Investment,"5ENSESINFOOD, S.A.",1,2013,
SPV´s,"IA - FCI Ciências da Vida SGPS, SA",Investment,"5ENSESINFOOD, S.A.",1,2013,
SPV´s,"IA - FCI Ciências da Vida SGPS, SA",Investment,"BIOMODE 2, S.A.",1,2014,
SPV´s,"Tagus Innovation for Growth SGPS, SA",Investment,"FABER VENTURES, S.A.",1,2013,
SPV´s,"TEX Risco, SGPS, SA",Investment,"ECOFOOT, S.A.",1,2013,
SPV´s,"A2B, SGPS",Investment,"EQUIGERMINAL, S.A.",1,2012,
SPV´s,"Capital Disperso, LDA",Investment,"DOCTORGUMMY, LDA",1,2014,
SPV´s,Vallis Sustainable Investments I,Investment,"DOCTORGUMMY, LDA",1,2014,
SPV´s,Critical SGPS (holding),Investment,"WFSW, S.A.",1,2012,
SPV´s,Critical SGPS (holding),Investment,CRITICAL LINKS S.A.,1,2007,
SPV´s,"Fast Sharks Invest, LDA",Investment,"DOCTORGUMMY, LDA",1,2014,
SPV´s,"The Edge, SGPS S.A",Investment,"CHIC BY CHOICE, S.A.",1,2014,
SPV´s,"SMARTEQUITY SGPS, LDA",Investment,"CHANGING EXPERIENCE, S.A.",1,2013,
SPV´s,"Vallis ­ SGPS, S.A.",Management entity (or controlling entity),Vallis Sustainable Investments I,1,2011,
SPV´s,"Vallis ­ SGPS, S.A.",Investment,"CELL2B - ADVANCED THERAPEUTICS, S.A.",1,2012,
SPV´s,"Shilling Capital Partners, SGPS, Lda",Investment,"YOUNGSTORIES, S.A.",1,2013,
SPV´s,"Shilling Capital Partners, SGPS, Lda",Investment,UNIPLACES LIMITED,1,2013,
SPV´s,"Shilling Capital Partners, SGPS, Lda",Investment,"UNBABEL, INC.",1,2014,
SPV´s,"Shilling Capital Partners, SGPS, Lda",Investment,"UNIVERSITYPLACES, SERVIÇOS DE INTERNET, LDA",1,2012,
SPV´s,"Shilling Capital Partners, SGPS, Lda",Investment,"CELL2B - ADVANCED THERAPEUTICS, S.A.",1,2012,
SPV´s,"Shilling Capital Partners, SGPS, Lda",Investment,"FABER VENTURES, S.A.",1,2013,
Targeted companies (startups),"VENIAM, INC.",Management entity (or controlling entity),"VENIAM, UNIPESSOAL LDA",1,2012,
Targeted companies (startups),UNIPLACES LIMITED,Investment,"UNIVERSITYPLACES, SERVIÇOS DE INTERNET, LDA",1,2012,
Targeted companies (startups),"YDREAMS - INFORMÁTICA, S.A.",Investment,"YD YNVISIBLE, S.A.",1,2013,
SPV´s,Brains2Market,Investment,"ZUVI NOVA, S.A.",1,2011,
SPV´s,"Talent Minds,Lda",Investment,"ZARPH, S.A.",1,2013,
Limited Partners (LPs)/SCR´s,"Caixa Capital SCR, SA",VC Fundraising,FCR ISTART I,1,2011,
Limited Partners (LPs)/SCR´s,"Caixa Capital SCR, SA",VC Fundraising,FCR F-HITEC,1,2008,
Limited Partners (LPs)/SCR´s,"Caixa Capital SCR, SA",VC Fundraising,FCR Empreender Mais,1,2009,
Limited Partners (LPs)/SCR´s,"Caixa Capital SCR, SA",VC Fundraising,FCR Caixa Tech Transfer Accelerator Ventures,1,2015,
Limited Partners (LPs)/SCR´s,"Caixa Capital SCR, SA",Investment,"SMARTWATT - ENERGY SERVICES, S.A.",1,2009,
Limited Partners (LPs)/SCR´s,"Caixa Capital SCR, SA",Investment,Orankl,1,2014,
Limited Partners (LPs)/SCR´s,"Caixa Capital SCR, SA",Investment,QAMINE LIMITED,1,2015,
Limited Partners (LPs)/SCR´s,"Caixa Capital SCR, SA",Management entity (or controlling entity),FCR Caixa Tech Transfer Accelerator Ventures,1,2015,
Limited Partners (LPs)/SCR´s,"Caixa Capital SCR, SA",Management entity (or controlling entity),FCR Empreender Mais,1,2009,
Limited Partners (LPs)/SCR´s,"Caixa Capital SCR, SA",Investment,"UNBABEL, INC.",1,2014,
Limited Partners (LPs)/SCR´s,"Caixa Capital SCR, SA",Investment,"VENIAM, INC.",1,2014,
Limited Partners (LPs)/SCR´s,"Caixa Capital SCR, SA",Investment,UNIPLACES LIMITED,1,2013,
Limited Partners (LPs)/SCR´s,"Caixa Capital SCR, SA",Investment,"D-ORBIT PT, LDA",1,2014,
Limited Partners (LPs)/SCR´s,"Caixa Capital SCR, SA",Investment,"ALLIS UBBO INFORMATION SYSTEMS, LDA",1,2015,
Limited Partners (LPs)/SCR´s,"Caixa Capital SCR, SA",Investment,Farfetch UK Limited,1,2005,
Limited Partners (LPs)/SCR´s,"Caixa Capital SCR, SA",Investment,"EXOGENUS THERAPEUTICS, S.A.",1,2015,
Limited Partners (LPs)/SCR´s,"Portugal Ventures SCR, SA",Investment,"FOLLOWPRICE, S.A.",1,2015,
Limited Partners (LPs)/SCR´s,"Portugal Ventures SCR, SA",Investment,"FOLLOW INSPIRATION, S.A.",1,2014,
Limited Partners (LPs)/SCR´s,"Portugal Ventures SCR, SA",Investment,GENIBET BIOPHARMACEUTICALS S.A.,1,2006,
Limited Partners (LPs)/SCR´s,"Portugal Ventures SCR, SA",Investment,"GUESTCENTRIC SYSTEMS, S.A.",1,2007,
Limited Partners (LPs)/SCR´s,"Portugal Ventures SCR, SA",Investment,"LYMPHACT - LYMPHOCYTE ACTIVATION TECHNOLOGIES, S.A.",1,2014,
Limited Partners (LPs)/SCR´s,"Portugal Ventures SCR, SA",Investment,"MAGNOMICS, S.A.",1,2014,
Limited Partners (LPs)/SCR´s,"Portugal Ventures SCR, SA",Investment,INVINE,1,2015,
Limited Partners (LPs)/SCR´s,"Portugal Ventures SCR, SA",Investment,BIOSURFIT S.A.,1,2004,
Limited Partners (LPs)/SCR´s,"Portugal Ventures SCR, SA",Investment,BitSight Technologies,1,2015,
Limited Partners (LPs)/SCR´s,"Portugal Ventures SCR, SA",Investment,BIOTREND - INOVAÇÃO E ENGENHARIA EM BIOTECNOLOGIA S.A.,1,2006,
Limited Partners (LPs)/SCR´s,"Portugal Ventures SCR, SA",Investment,"BIOMODE - BIOMOLECULAR DETERMINATION, S.A.",1,2014,
Limited Partners (LPs)/SCR´s,"Portugal Ventures SCR, SA",Investment,"ABYSSAL, S.A.",1,2014,
Limited Partners (LPs)/SCR´s,"Portugal Ventures SCR, SA",Investment,ALFAMA - INVESTIGAÇÃO E DESENVOLVIMENTO DE PRODUTOS FARMACÊUTICOS LDA,1,2013,
Limited Partners (LPs)/SCR´s,"Portugal Ventures SCR, SA",Investment,"CSIDE - SOLUÇÕES INTELIGENTES, S.A.",1,2008,
Limited Partners (LPs)/SCR´s,"Portugal Ventures SCR, SA",Investment,CRITICAL LINKS S.A.,1,2007,
Limited Partners (LPs)/SCR´s,"Portugal Ventures SCR, SA",Investment,"ENEIDA, WIRELESS & SENSORS, S.A.",1,2012,
Limited Partners (LPs)/SCR´s,"Portugal Ventures SCR, SA",Investment,"DISPLAX, S.A.",1,2008,
Limited Partners (LPs)/SCR´s,"Portugal Ventures SCR, SA",Investment,"CHIC BY CHOICE, S.A.",1,2014,
Limited Partners (LPs)/SCR´s,"Portugal Ventures SCR, SA",Investment,Code Place (Songvice B.V.),1,2015,
Limited Partners (LPs)/SCR´s,"Portugal Ventures SCR, SA",Investment,"WIZI TO FIND, S.A.",1,2006,
Limited Partners (LPs)/SCR´s,"Portugal Ventures SCR, SA",Investment,"XHOCKWARE, S.A.",1,2014,
Limited Partners (LPs)/SCR´s,"Portugal Ventures SCR, SA",Investment,"ZUVI NOVA, S.A.",1,2011,
Limited Partners (LPs)/SCR´s,"Portugal Ventures SCR, SA",Investment,Principle Power Unipessoal LDA,1,2014,
Limited Partners (LPs)/SCR´s,"Portugal Ventures SCR, SA",Investment,PHARMA73 S.A.,1,2014,
Limited Partners (LPs)/SCR´s,"Portugal Ventures SCR, SA",Investment,"OUTSYSTEMS - SOFTWARE EM REDE, S.A.",1,2007,
Limited Partners (LPs)/SCR´s,"Portugal Ventures SCR, SA",Investment,"OMNIFLOW, S.A",1,2014,
Limited Partners (LPs)/SCR´s,"Portugal Ventures SCR, SA",Investment,"SKAPHANDRUS, S.A. - EM LIQUIDAÇÃO",1,2014,2016
Limited Partners (LPs)/SCR´s,"Portugal Ventures SCR, SA",Management entity (or controlling entity),Fundo de Capital de Risco Dinamização Turística,1,2009,
Limited Partners (LPs)/SCR´s,"Portugal Ventures SCR, SA",Management entity (or controlling entity),FCR Portugal Ventures Internacionalização,1,2011,
Limited Partners (LPs)/SCR´s,"Portugal Ventures SCR, SA",Management entity (or controlling entity),FCR Portugal Ventures Indústrias Criativas,1,2011,
Limited Partners (LPs)/SCR´s,"Portugal Ventures SCR, SA",Management entity (or controlling entity),FCR Portugal Ventures Universitas,1,2011,
Limited Partners (LPs)/SCR´s,"Portugal Ventures SCR, SA",Management entity (or controlling entity),FCR Portugal Ventures Turismo Inovação,1,2011,
Limited Partners (LPs)/SCR´s,"Portugal Ventures SCR, SA",Management entity (or controlling entity),"PME Capital ­Sociedade Portuguesa de Capital de Risco, S.A",1,2001,
Limited Partners (LPs)/SCR´s,"Portugal Ventures SCR, SA",Management entity (or controlling entity),FCR InovCapital,1,2003,
Limited Partners (LPs)/SCR´s,"Portugal Ventures SCR, SA",Management entity (or controlling entity),FCR FIAEA ­ Fundo de Investimento de Apoio ao Empreendorismo dos Açores,1,2011,
Limited Partners (LPs)/SCR´s,"Portugal Ventures SCR, SA",Management entity (or controlling entity),FCR Portugal Ventures Biocant,1,2011,
Limited Partners (LPs)/SCR´s,"Portugal Ventures SCR, SA",Management entity (or controlling entity),FCR Portugal Ventures Early Stages,1,2011,
Limited Partners (LPs)/SCR´s,"Portugal Ventures SCR, SA",Management entity (or controlling entity),FCR Portugal Ventures Finicia,1,2007,
Limited Partners (LPs)/SCR´s,"Portugal Ventures SCR, SA",Management entity (or controlling entity),FCR Portugal Ventures Global 2,1,2015,
Limited Partners (LPs)/SCR´s,"Portugal Ventures SCR, SA",Management entity (or controlling entity),FCR Portugal Global Ventures,1,2005,
Limited Partners (LPs)/SCR´s,"Portugal Ventures SCR, SA",Management entity (or controlling entity),FCR Portugal Ventures ACTEC II,1,2011,
Limited Partners (LPs)/SCR´s,"Portugal Ventures SCR, SA",VC Fundraising,FCR FIAEA ­ Fundo de Investimento de Apoio ao Empreendorismo dos Açores,1,2011,
Limited Partners (LPs)/SCR´s,"Portugal Ventures SCR, SA",VC Fundraising,Fundo de Capital de Risco Portugal Ventures Global 2,1,2015,
Limited Partners (LPs)/SCR´s,"Portugal Ventures SCR, SA",VC Fundraising,FCR Portugal Ventures Universitas,1,2011,
Limited Partners (LPs)/SCR´s,"Portugal Ventures SCR, SA",VC Fundraising,FCR Portugal Ventures Internacionalização,1,2011,
Limited Partners (LPs)/SCR´s,"Portugal Ventures SCR, SA",VC Fundraising,FCR Portugal Ventures Early Stages,1,2011,
Limited Partners (LPs)/SCR´s,"Portugal Ventures SCR, SA",VC Fundraising,FCR Critical Ventures I,1,2011,
Limited Partners (LPs)/SCR´s,"Portugal Ventures SCR, SA",VC Fundraising,FCR Portugal Global Ventures,1,2005,
Limited Partners (LPs)/SCR´s,"Portugal Ventures SCR, SA",VC Fundraising,FCR Portugal Ventures Finicia,1,2007,
Limited Partners (LPs)/SCR´s,"Portugal Ventures SCR, SA",VC Fundraising,FCR Portugal Ventures Indústrias Criativas,1,2011,
Limited Partners (LPs)/SCR´s,"Portugal Ventures SCR, SA",VC Fundraising,FCR Portugal Ventures Biocant,1,2011,
SPV´s,BrainCapital,Investment,"SWORD HEALTH, S.A",1,2014,
SPV´s,"New Ventures SGPS, SA",Investment,"SWORD HEALTH, S.A",1,2014,
SPV´s,"FJR, SGPS, S.A",Investment,STEMMATTERS - BIOTECNOLOGIA E MEDICINA REGENERATIVA S.A.,1,2011,
SPV´s,"Agro Consultores,Lda",Investment,"ZARPH, S.A.",1,2013,
SPV´s,"A. Silva Matos II - Investimentos, SA",Investment,"WINDPLUS, S.A.",1,2009,
SPV´s,IA - FCI - TICE,Investment,"TUIZZI, S.A.",1,2013,
Limited Partners (LPs)/SCR´s,"ES Ventures SCR, SA",Management entity (or controlling entity),FCR ESV II,1,2006,
Limited Partners (LPs)/SCR´s,"ES Ventures SCR, SA",Management entity (or controlling entity),FCR ESV III,1,2009,
Limited Partners (LPs)/SCR´s,"ES Ventures SCR, SA",Management entity (or controlling entity),FCR ESV Inovação & Internacionalização,1,2011,
Limited Partners (LPs)/SCR´s,"ES Ventures SCR, SA",Management entity (or controlling entity),FCR F-HITEC,1,2008,
Limited Partners (LPs)/SCR´s,"ES Ventures SCR, SA",Management entity (or controlling entity),FCR ISTART I,1,2011,
Limited Partners (LPs)/SCR´s,"ES Ventures SCR, SA",Investment,"FEEDZAI, INC.",1,2013,
Limited Partners (LPs)/SCR´s,"Capital Criativo SCR, SA",Management entity (or controlling entity),FCR Capital Criativo I,1,2011,
Limited Partners (LPs)/SCR´s,Haitong Capital SCR SA,Management entity (or controlling entity),FCR PME / Novo Banco,1,1997,
Limited Partners (LPs)/SCR´s,"Change Partners SCR, SA",VC Fundraising,FCR Fast Change,1,2003,
Limited Partners (LPs)/SCR´s,"Change Partners SCR, SA",Management entity (or controlling entity),FCR Fast Change II,1,2011,
Limited Partners (LPs)/SCR´s,"Change Partners SCR, SA",Management entity (or controlling entity),FCR Fast Change,1,2005,
Limited Partners (LPs)/SCR´s,"2BPARTNER SCR, SA",Management entity (or controlling entity),FCR Minho Inovação e Internacionalização,1,2011,
Limited Partners (LPs)/SCR´s,"Novabase Capital SCR, SA",VC Fundraising,FCR ISTART I,1,2011,
Limited Partners (LPs)/SCR´s,"Novabase Capital SCR, SA",VC Fundraising,FCR Novabase Capital,1,2005,
Limited Partners (LPs)/SCR´s,"Novabase Capital SCR, SA",VC Fundraising,FCR Novabase Inovação e Internacionalização,1,2011,
Limited Partners (LPs)/SCR´s,"Novabase Capital SCR, SA",Management entity (or controlling entity),FCR Novabase Inovação e Internacionalização,1,2011,
Limited Partners (LPs)/SCR´s,"Novabase Capital SCR, SA",Management entity (or controlling entity),FCR Novabase Capital,1,2005,
Limited Partners (LPs)/SCR´s,"Novabase Capital SCR, SA",Investment,"COLLAB - SOLUÇÕES INFORMÁTICAS DE COMUNICAÇÃO E COLABORAÇÃO, S.A.",1,2013,
Limited Partners (LPs)/SCR´s,"Naves ­Sociedade de Capital de Risco, S.A.",Investment,"BABYBOOK, S.A.",1,2014,
Limited Partners (LPs)/SCR´s,"BUSY ANGELS, SCR, S.A",Management entity (or controlling entity),"Busy Angels, SGPS",1,2015,
Limited Partners (LPs)/SCR´s,"ISQ SCR, SA",Management entity (or controlling entity),Fundo ISQ Capital,1,2005,
Limited Partners (LPs)/SCR´s,"ISQ SCR, SA",Management entity (or controlling entity),FCR ASK Capital,1,2011,
Limited Partners (LPs)/SCR´s,"ISQ SCR, SA",Management entity (or controlling entity),FCR ASK Celta,1,2011,
Limited Partners (LPs)/SCR´s,"Beta Capital SCR, SA",Management entity (or controlling entity),FCR Beta Early Stages,1,2005,
Limited Partners (LPs)/SCR´s,"Beta Capital SCR, SA",Management entity (or controlling entity),FCR Beta Ciências da Vida,1,2011,
Limited Partners (LPs)/SCR´s,"Beta Capital SCR, SA",Investment,GENE PREDIT S.A.,1,2012,
Limited Partners (LPs)/SCR´s,"Critical Ventures, SCR, SA",Management entity (or controlling entity),FCR Critical Ventures I,1,2011,
Limited Partners (LPs)/SCR´s,"Critical Ventures, SCR, SA",Management entity (or controlling entity),Critical SGPS (holding),1,2012,
Limited Partners (LPs)/SCR´s,"Critical Ventures, SCR, SA",Investment,"WFSW, S.A.",1,2012,
Limited Partners (LPs)/SCR´s,"Critical Ventures, SCR, SA",Investment,WATCHFUL SOFTWARE,1,2012,
Limited Partners (LPs)/SCR´s,"Critical Ventures, SCR, SA",Investment,CRITICAL LINKS S.A.,1,2007,
Limited Partners (LPs)/SCR´s,"Critical Ventures, SCR, SA",Investment,"CRITICAL MANUFACTURING, S.A.",1,2009,
SPV´s,BIOCANT VENTURES LDA,Investment,THELIAL TECHNOLOGIES S.A.,1,2010,
SPV´s,BIOCANT VENTURES LDA,Investment,"MATERA, LDA",1,2011,
SPV´s,BIOCANT VENTURES LDA,Investment,GENE PREDIT S.A.,1,2012,
SPV´s,"EV Tecsaúde, SGPS, SA",Investment,FÓRMULA DA AVÓ - LDA,1,2013,
SPV´s,"Pathena, SGPS, S.A.",Investment,STEMMATTERS - BIOTECNOLOGIA E MEDICINA REGENERATIVA S.A.,1,2011,
SPV´s,"Pathena, SGPS, S.A.",Investment,"STOCK BEATS, S.A.",1,2014,
SPV´s,"Pathena, SGPS, S.A.",Investment,NMUSIC S.A.,1,2013,
SPV´s,"Pathena, SGPS, S.A.",Management entity (or controlling entity),Pathena SICAR,1,2012,
SPV´s,"Pathena, SGPS, S.A.",Investment,"IM3DICAL, S.A.",1,2013,
SPV´s,"Venture Catalysts, Lda",Investment,"IMMUNETHEP, S.A.",1,2015,
SPV´s,Dueto SGPS,Investment,"MOVVO, S.A.",1,2011,
SPV´s,"BLUE BUSINESS, SGPS, SA",Investment,"IMOBILEMAGIC - MOBILE EXPERIENCES, LDA",1,2010,
SPV´s,"Sail Away, Lda",Investment,"FABER VENTURES, S.A.",1,2013,
SPV´s,"Eggnest, SGPS, S.A.",Investment,"PROCESSWARE - SOLUÇÕES INFORMÁTICAS, S.A.",1,2014,
SPV´s,"Eggnest, SGPS, S.A.",Investment,"FAIRWAY, MEDICAL TOURISM PORTUGAL, S.A.",1,2013,
SPV´s,PNV Capital,Investment,"ZUVI NOVA, S.A.",1,2011,
SPV´s,PNV Capital,Investment,"WEBANKOR, S.A.",1,2013,
SPV´s,PNV Capital,Investment,"MAGNOMICS, S.A.",1,2014,
SPV´s,PNV Capital,Investment,"MAPS WITH LIFE, S.A. - EM LIQUIDAÇÃO",1,2013,2016
SPV´s,PNV Capital,Investment,"FABER VENTURES, S.A.",1,2013,
SPV´s,PNV Capital,Investment,"GLOBAL INPAKT, S.A.",1,2013,2015
SPV´s,"TIC Risco, SGPS, SA",Investment,"FOLLOW INSPIRATION, S.A.",1,2014,
SPV´s,"Best Horizon­SGPS, Unipessoal Lda.",Investment,"FOLLOWPRICE, S.A.",1,2015,
SPV´s,RedStar,Investment,NUTRI VENTURES CORPORATION - NVC S.A.,1,2010,
SPV´s,"Skybusiness, S.A.",Investment,"PEEK HEALTH, S.A.",1,2015,
SPV´s,Seedcamp,Investment,QAMINE LIMITED,1,2015,
SPV´s,Sequoia Saúde e Tecnologia,Investment,"RETMARKER, S.A.",1,2011,
SPV´s,"Daninves, SGPS, S.A.",Investment,STEMMATTERS - BIOTECNOLOGIA E MEDICINA REGENERATIVA S.A.,1,2011,
SPV´s,SONAE IM,Investment,"MOVVO, S.A.",1,2011,
SPV´s,"EntreParentesis ­SGPS,S.A.",Investment,"MYGON, S.A.",1,2012,
SPV´s,"AFSA ­SGPS, S.A",Investment,"MYGON, S.A.",1,2012,
SPV´s,"B31­ Investimentos, Lda­",Investment,"MYGON, S.A.",1,2012,
SPV´s,"Innovation Makers ­ serviços de Consultoria em Inovação, Lda­",Investment,"MYGON, S.A.",1,2012,
Targeted companies (startups),"UNBABEL, INC.",Management entity (or controlling entity),"UNBABEL, LDA",1,2014,
Other,Ryan Petersen,Investment,"UNBABEL, INC.",1,2014,
Other,David Peterson,Investment,"UNBABEL, INC.",1,2014,
Other,Young Guo,Investment,"UNBABEL, INC.",1,2014,
Other,Raymond Tonsing,Investment,"UNBABEL, INC.",1,2014,
Other,Rob Emrich,Investment,"UNBABEL, INC.",1,2014,
Other,Roger Dickey,Investment,"UNBABEL, INC.",1,2014,
Other,Digital Garage,Investment,"UNBABEL, INC.",1,2014,
Other,Adeyemi Ajao,Investment,"UNBABEL, INC.",1,2014,
Other,Founding Team,Investment,"UNBABEL, LDA",1,2014,
Other,Elad Gil,Investment,"UNBABEL, INC.",1,2014,
Other,Kevin Rose,Investment,"UNBABEL, INC.",1,2014,
Other,"CIENCIVEST, VALORIZAÇÃO ECONÓMICA DA CIÊNCIA, S.A.",Investment,"KINEMATIX SENSE, S.A.",1,2008,
Other,Plug & Play Accelarator,Investment,"MUZZLEY, S.A.",1,2012,
Other,Principle Power Unipessoal LDA,Investment,"WINDPLUS, S.A.",1,2009,
Other,AIP –CCI,VC Fundraising,FCR Portugal Ventures Universitas,1,2011,
Other,PME Investimentos – Sociedade de Investimento S.A.,Management entity (or controlling entity),Fundo de Capital de Risco para Investidores Qualificados PME Investimentos­ TIEC,1,2004,
Other,PME Investimentos – Sociedade de Investimento S.A.,Management entity (or controlling entity),FINOVA - Fundo de Apoio ao Financiamento à Inovação,1,2008,
Other,Y Combinator,Investment,"UNBABEL, INC.",1,2014,
Other,Klaus von Sayn-Wittgenstein,Investment,"UNBABEL, INC.",1,2014,
Other,Undisclosure Angel Investment,Investment,QAMINE LIMITED,1,2015,
Other,Henrique de Castro,Investment,QAMINE LIMITED,1,2015,
Other,Docentes FCUL,Investment,"SCIENCE4YOU, S.A.",1,2012,
Limited Partners (LPs)/SCR´s - Outside PT,Pathena SICAR,Investment,"CARDMOBILI DESENVOLVIMENTO DE SOFTWARE, S.A.",1,2013,
Limited Partners (LPs)/SCR´s - Outside PT,Pathena SICAR,Investment,"IMOBILEMAGIC - MOBILE EXPERIENCES, LDA",1,2010,
Limited Partners (LPs)/SCR´s - Outside PT,Pathena SICAR,Investment,"EXAGO VENTURES, S.A.",1,2010,
Limited Partners (LPs)/SCR´s - Outside PT,Gobi Partners,Investment,"APTOIDE, S.A.",1,2013,
Limited Partners (LPs)/SCR´s - Outside PT,Oak HC/FT,Investment,"FEEDZAI, INC.",1,2013,
Limited Partners (LPs)/SCR´s - Outside PT,e.ventures,Investment,"APTOIDE, S.A.",1,2013,
Limited Partners (LPs)/SCR´s - Outside PT,Golden Gate Ventures,Investment,"APTOIDE, S.A.",1,2013,
Other,"PRINCIPLE POWER, INC.",Investment,"WINDPLUS, S.A.",1,2009,
Other,"Leadership Business Technology, S.A.",Investment,"YD YNVISIBLE, S.A.",1,2013,
Other,Alex Chesterman,Investment,UNIPLACES LIMITED,1,2013,
Other,Alex Chesterman,Investment,"UNIVERSITYPLACES, SERVIÇOS DE INTERNET, LDA",1,2012,
Other,William Reeve,Investment,UNIPLACES LIMITED,1,2013,
Other,William Reeve,Investment,"UNIVERSITYPLACES, SERVIÇOS DE INTERNET, LDA",1,2012,
Other,Rob McClatchey,Investment,UNIPLACES LIMITED,1,2013,
Limited Partners (LPs)/SCR´s - Outside PT,MERMAID INVESTMENTS B.V.,Investment,"TURFLYNX, LDA",1,2014,
Limited Partners (LPs)/SCR´s - Outside PT,Google Ventures,Investment,"UNBABEL, INC.",1,2014,
Limited Partners (LPs)/SCR´s - Outside PT,Amino Capital,Investment,"UNBABEL, INC.",1,2014,
Limited Partners (LPs)/SCR´s - Outside PT,North Bridge Venture Partners & Growth Equity,Investment,"OUTSYSTEMS - SOFTWARE EM REDE, S.A.",1,2007,
Limited Partners (LPs)/SCR´s - Outside PT,PORTUGAL VENTURE CAPITAL INITIATIVE SICAV,VC Fundraising,Pathena SICAR,1,2012,
Limited Partners (LPs)/SCR´s - Outside PT,Join Capital,Investment,QAMINE LIMITED,1,2015,
Limited Partners (LPs)/SCR´s - Outside PT,Global Accelerator Year 3 B.V,Investment,MORNING HEROES S.A.,1,2015,
Limited Partners (LPs)/SCR´s - Outside PT,Plopper B.V.,Investment,MORNING HEROES S.A.,1,2015,
Limited Partners (LPs)/SCR´s - Outside PT,Capital One Growth Ventures,Investment,"FEEDZAI, INC.",1,2013,
Limited Partners (LPs)/SCR´s - Outside PT,Sapphire Ventures,Investment,"FEEDZAI, INC.",1,2013,
Limited Partners (LPs)/SCR´s - Outside PT,Data Collective,Investment,"FEEDZAI, INC.",1,2013,
Limited Partners (LPs)/SCR´s - Outside PT,Wefunder,Investment,"UNBABEL, INC.",1,2014,
Limited Partners (LPs)/SCR´s - Outside PT,Matrix Partners,Investment,"UNBABEL, INC.",1,2014,
Limited Partners (LPs)/SCR´s - Outside PT,FundersClub,Investment,"UNBABEL, INC.",1,2014,
Limited Partners (LPs)/SCR´s,"Hovione Capital, SCR S.A.",Investment,"LASERLEAP TECHNOLOGIES,S.A.",1,2013,
Other,BIOCANT ­ ASSOCIAÇÃO DE TRANSFERÊNCIA DE TECNOLOGIA,Investment,"CELL2B - ADVANCED THERAPEUTICS, S.A.",1,2012,
Other,BIOCANT ­ ASSOCIAÇÃO DE TRANSFERÊNCIA DE TECNOLOGIA,Investment,"CBRA GENOMICS, S.A.",1,2013,
Other,BIOCANT ­ ASSOCIAÇÃO DE TRANSFERÊNCIA DE TECNOLOGIA,Investment,"MATERA, LDA",1,2011,
Other,Indexignition - Investimentos e Consultoria Lda,Investment,"AMANHÃ GLOBAL, S.A.",1,2014,
Other,FINOVA - Fundo de Apoio ao Financiamento à Inovação,VC Fundraising,FCR ISTART I,1,2011,
Other,FINOVA - Fundo de Apoio ao Financiamento à Inovação,VC Fundraising,FCR Novabase Inovação e Internacionalização,1,2011,
Other,FINOVA - Fundo de Apoio ao Financiamento à Inovação,VC Fundraising,FCR Minho Inovação e Internacionalização,1,2011,
Other,FINOVA - Fundo de Apoio ao Financiamento à Inovação,VC Fundraising,FCR ESV Inovação & Internacionalização,1,2011,
Other,FINOVA - Fundo de Apoio ao Financiamento à Inovação,VC Fundraising,FCR Fast Change II,1,2011,
Other,FINOVA - Fundo de Apoio ao Financiamento à Inovação,VC Fundraising,FCR Capital Criativo I,1,2011,
Other,FINOVA - Fundo de Apoio ao Financiamento à Inovação,VC Fundraising,FCR ASK Celta,1,2011,
Other,FINOVA - Fundo de Apoio ao Financiamento à Inovação,VC Fundraising,FCR ASK Capital,1,2011,
Other,FINOVA - Fundo de Apoio ao Financiamento à Inovação,VC Fundraising,FCR Beta Ciências da Vida,1,2011,
Other,FINOVA - Fundo de Apoio ao Financiamento à Inovação,VC Fundraising,FCR Revitalizar Norte,1,2011,
Other,FINOVA - Fundo de Apoio ao Financiamento à Inovação,VC Fundraising,FCR Portugal Ventures Universitas,1,2011,
Other,FINOVA - Fundo de Apoio ao Financiamento à Inovação,VC Fundraising,FCR Revitalizar Centro,1,2011,
Other,FINOVA - Fundo de Apoio ao Financiamento à Inovação,VC Fundraising,FCR Portugal Ventures Turismo Inovação,1,2011,
Other,FINOVA - Fundo de Apoio ao Financiamento à Inovação,VC Fundraising,FCR Portugal Ventures Internacionalização,1,2011,
Other,FINOVA - Fundo de Apoio ao Financiamento à Inovação,VC Fundraising,FCR Portugal Ventures Early Stages,1,2011,
Other,FINOVA - Fundo de Apoio ao Financiamento à Inovação,VC Fundraising,FCR Portugal Ventures Indústrias Criativas,1,2011,
Other,FINOVA - Fundo de Apoio ao Financiamento à Inovação,VC Fundraising,FCR PME / Novo Banco,1,2013,
Other,FINOVA - Fundo de Apoio ao Financiamento à Inovação,VC Fundraising,FCR Portugal Ventures Biocant,1,2011,
Other,FINOVA - Fundo de Apoio ao Financiamento à Inovação,VC Fundraising,FCR Portugal Ventures ACTEC II,1,2011,
Other,FINOVA - Fundo de Apoio ao Financiamento à Inovação,VC Fundraising,FCR Critical Ventures I,1,2011,
Limited Partners (LPs)/SCR´s,Oxy Capital - SCR. S.A.,Management entity (or controlling entity),Oxy Capital Fundo Mezzanine,1,2014,
Limited Partners (LPs)/SCR´s,Oxy Capital - SCR. S.A.,Management entity (or controlling entity),FCR Revitalizar Centro,1,2013,
Limited Partners (LPs)/SCR´s,"BANIF CAPITAL - SOCIEDADE DE CAPITAL DE RISCO, SA",VC Fundraising,Fundo de Capital de Risco para Investidores Qualificados – CAPVEN NewCapital (“FIQ CAPVEN”),1,2003,2014
Limited Partners (LPs)/SCR´s,"BANIF CAPITAL - SOCIEDADE DE CAPITAL DE RISCO, SA",Management entity (or controlling entity),Fundo de Capital de Risco para Investidores Qualificados – CAPVEN NewCapital (“FIQ CAPVEN”),1,2003,2014
Limited Partners (LPs)/SCR´s,Explorer Investments SCR S.A.,Management entity (or controlling entity),FCR Revitalizar Norte,1,2013,
Limited Partners (LPs)/SCR´s,"PME Capital ­Sociedade Portuguesa de Capital de Risco, S.A",Investment,"OUTSYSTEMS - SOFTWARE EM REDE, S.A.",1,2007,
Limited Partners (LPs)/SCR´s,"PME Capital ­Sociedade Portuguesa de Capital de Risco, S.A",Investment,"HOTTRADE - REPRESENTAÇÕES, GESTÃO E SERVIÇOS S.A.",1,2006,
Other,IAPMEI,VC Fundraising,FCR Novabase Capital,1,2005,
Other,IAPMEI,VC Fundraising,FCR Fast Change,1,2003,
Other,IAPMEI,VC Fundraising,FCR Portugal Ventures Finicia,1,2007,
Other,IAPMEI,VC Fundraising,FCR Portugal Global Ventures,1,2005,
Other,IAPMEI,VC Fundraising,FCR PME / Novo Banco,1,1997,
Other,IAPMEI,Management entity (or controlling entity),PME Investimentos – Sociedade de Investimento S.A.,1,1998,
Other,Região Autonoma dos Açores,VC Fundraising,FCR FIAEA ­ Fundo de Investimento de Apoio ao Empreendorismo dos Açores,1,2011,
Other,Turismo de Portugal,VC Fundraising,FCR Portugal Ventures Turismo Inovação,1,2011,
Other,ANJE,VC Fundraising,FCR Portugal Ventures Universitas,1,2011,
Other,Ass. p/Desenvolvimento e Investigação de Viseu,VC Fundraising,FCR Portugal Ventures Universitas,1,2011,
Other,Safeinterest,VC Fundraising,FCR Portugal Ventures Universitas,1,2011,
Other,Unknown,VC Fundraising,FCR Fast Change II,1,2011,
Other,Unknown,VC Fundraising,FCR F-HITEC,1,2008,
Other,Unknown,VC Fundraising,FCR Capital Criativo I,1,2011,
Other,Unknown,VC Fundraising,FCR ASK Capital,1,2011,
Other,Unknown,VC Fundraising,FCR Beta Ciências da Vida,1,2011,
Other,Unknown,VC Fundraising,FCR ASK Celta,1,2011,
Other,Unknown,VC Fundraising,FCR Beta Early Stages,1,2005,2014
Other,Unknown,VC Fundraising,Fundo de Capital de Risco Portugal Ventures Global 2,1,2015,
Other,Unknown,VC Fundraising,Pathena SICAR,1,2012,
Other,Unknown,VC Fundraising,FCR Portugal Ventures Internacionalização,1,2011,
Other,Unknown,VC Fundraising,FCR Portugal Ventures Turismo Inovação,1,2011,
Other,Unknown,VC Fundraising,FCR Portugal Ventures Biocant,1,2011,
Other,Unknown,VC Fundraising,FCR Critical Ventures I,1,2011,
Other,Fundação Luso Americana para o Desenvolvimento (“FLAD”),VC Fundraising,FCR Beta Early Stages,1,2005,2014
Other,AEP - Associação Empresarial de Portugal (ou entidade por si dominada),VC Fundraising,FCR Beta Early Stages,1,2005,2014
Other,"corporate investment arms, family trusts and private individuals",VC Fundraising,FCR ESV III,1,2009,2016
Other,"corporate investment arms, family trusts and private individuals",VC Fundraising,FCR ESV II,1,2006,
Other,F PENSOESSANTANDER,VC Fundraising,FCR F-HITEC,1,2008,
Limited Partners (LPs)/SCR´s,"Portugal Ventures SCR, SA",Management entity (or controlling entity),FCR PV ACTEC,1,2006,